keyword,tier,category,active,notes,id,createdAt,updatedAt
better off dead,C,SELF-HARM / SUICIDE,true,,1,2026-09-14T15:14:10.158Z,2026-09-14T15:14:10.158Z
can't go on,C,SELF-HARM / SUICIDE,true,,2,2026-09-14T15:14:10.158Z,2026-09-14T15:14:10.158Z
cannot go on,C,SELF-HARM / SUICIDE,true,,3,2026-09-14T15:14:10.158Z,2026-09-14T15:14:10.158Z
cut myself,C,SELF-HARM / SUICIDE,true,,4,2026-09-14T15:14:10.158Z,2026-09-14T15:14:10.158Z
cutting myself,C,SELF-HARM / SUICIDE,true,,5,2026-09-14T15:14:10.158Z,2026-09-14T15:14:10.158Z
do not want to live,C,SELF-HARM / SUICIDE,true,,6,2026-09-14T15:14:10.158Z,2026-09-14T15:14:10.158Z
don't want to live,C,SELF-HARM / SUICIDE,true,,7,2026-09-14T15:14:10.158Z,2026-09-14T15:14:10.158Z
end it all,C,SELF-HARM / SUICIDE,true,,8,2026-09-14T15:14:10.158Z,2026-09-14T15:14:10.158Z
end my life,C,SELF-HARM / SUICIDE,true,,9,2026-09-14T15:14:10.158Z,2026-09-14T15:14:10.158Z
ending my life,C,SELF-HARM / SUICIDE,true,,10,2026-09-14T15:14:10.158Z,2026-09-14T15:14:10.158Z
goodbye forever,C,SELF-HARM / SUICIDE,true,,11,2026-09-14T15:14:10.158Z,2026-09-14T15:14:10.158Z
harm myself,C,SELF-HARM / SUICIDE,true,,12,2026-09-14T15:14:10.158Z,2026-09-14T15:14:10.158Z
harming myself,C,SELF-HARM / SUICIDE,true,,13,2026-09-14T15:14:10.158Z,2026-09-14T15:14:10.158Z
hurt myself,C,SELF-HARM / SUICIDE,true,,14,2026-09-14T15:14:10.158Z,2026-09-14T15:14:10.158Z
kill myself,C,SELF-HARM / SUICIDE,true,,15,2026-09-14T15:14:10.158Z,2026-09-14T15:14:10.158Z
killing myself,C,SELF-HARM / SUICIDE,true,,16,2026-09-14T15:14:10.158Z,2026-09-14T15:14:10.158Z
no reason to live,C,SELF-HARM / SUICIDE,true,,17,2026-09-14T15:14:10.158Z,2026-09-14T15:14:10.158Z
nothing to live for,C,SELF-HARM / SUICIDE,true,,18,2026-09-14T15:14:10.158Z,2026-09-14T15:14:10.158Z
overdose,C,SELF-HARM / SUICIDE,true,,19,2026-09-14T15:14:10.158Z,2026-09-14T15:14:10.158Z
overdosed,C,SELF-HARM / SUICIDE,true,,20,2026-09-14T15:14:10.158Z,2026-09-14T15:14:10.158Z
overdoses,C,SELF-HARM / SUICIDE,true,,21,2026-09-14T15:14:10.158Z,2026-09-14T15:14:10.158Z
overdosing,C,SELF-HARM / SUICIDE,true,,22,2026-09-14T15:14:10.158Z,2026-09-14T15:14:10.158Z
rather die,C,SELF-HARM / SUICIDE,true,,23,2026-09-14T15:14:10.158Z,2026-09-14T15:14:10.158Z
self harm,C,SELF-HARM / SUICIDE,true,,24,2026-09-14T15:14:10.158Z,2026-09-14T15:14:10.158Z
suicidal,C,SELF-HARM / SUICIDE,true,,25,2026-09-14T15:14:10.158Z,2026-09-14T15:14:10.158Z
suicide,C,SELF-HARM / SUICIDE,true,,26,2026-09-14T15:14:10.158Z,2026-09-14T15:14:10.158Z
take my life,C,SELF-HARM / SUICIDE,true,,27,2026-09-14T15:14:10.158Z,2026-09-14T15:14:10.158Z
taking my life,C,SELF-HARM / SUICIDE,true,,28,2026-09-14T15:14:10.158Z,2026-09-14T15:14:10.158Z
want to die,C,SELF-HARM / SUICIDE,true,,29,2026-09-14T15:14:10.158Z,2026-09-14T15:14:10.158Z
wanted to die,C,SELF-HARM / SUICIDE,true,,30,2026-09-14T15:14:10.158Z,2026-09-14T15:14:10.158Z
wants to die,C,SELF-HARM / SUICIDE,true,,31,2026-09-14T15:14:10.158Z,2026-09-14T15:14:10.158Z
wish I was dead,C,SELF-HARM / SUICIDE,true,,32,2026-09-14T15:14:10.158Z,2026-09-14T15:14:10.158Z
wish I were dead,C,SELF-HARM / SUICIDE,true,,33,2026-09-14T15:14:10.158Z,2026-09-14T15:14:10.158Z
being followed,C,SEVERE DISTRESS / ABNORMAL COMMUNICATION,true,,34,2026-09-14T15:14:10.158Z,2026-09-14T15:14:10.158Z
being tracked,C,SEVERE DISTRESS / ABNORMAL COMMUNICATION,true,,35,2026-09-14T15:14:10.158Z,2026-09-14T15:14:10.158Z
being watched,C,SEVERE DISTRESS / ABNORMAL COMMUNICATION,true,,36,2026-09-14T15:14:10.158Z,2026-09-14T15:14:10.158Z
can't cope,C,SEVERE DISTRESS / ABNORMAL COMMUNICATION,true,,37,2026-09-14T15:14:10.158Z,2026-09-14T15:14:10.158Z
cannot cope,C,SEVERE DISTRESS / ABNORMAL COMMUNICATION,true,,38,2026-09-14T15:14:10.158Z,2026-09-14T15:14:10.158Z
conspiracies,C,SEVERE DISTRESS / ABNORMAL COMMUNICATION,true,,39,2026-09-14T15:14:10.158Z,2026-09-14T15:14:10.158Z
conspiracy,C,SEVERE DISTRESS / ABNORMAL COMMUNICATION,true,,40,2026-09-14T15:14:10.158Z,2026-09-14T15:14:10.158Z
desperate,C,SEVERE DISTRESS / ABNORMAL COMMUNICATION,true,,41,2026-09-14T15:14:10.158Z,2026-09-14T15:14:10.158Z
desperation,C,SEVERE DISTRESS / ABNORMAL COMMUNICATION,true,,42,2026-09-14T15:14:10.158Z,2026-09-14T15:14:10.158Z
everyone is after me,C,SEVERE DISTRESS / ABNORMAL COMMUNICATION,true,,43,2026-09-14T15:14:10.158Z,2026-09-14T15:14:10.158Z
going crazy,C,SEVERE DISTRESS / ABNORMAL COMMUNICATION,true,,44,2026-09-14T15:14:10.158Z,2026-09-14T15:14:10.158Z
going insane,C,SEVERE DISTRESS / ABNORMAL COMMUNICATION,true,,45,2026-09-14T15:14:10.158Z,2026-09-14T15:14:10.158Z
having a breakdown,C,SEVERE DISTRESS / ABNORMAL COMMUNICATION,true,,46,2026-09-14T15:14:10.158Z,2026-09-14T15:14:10.158Z
hear voices,C,SEVERE DISTRESS / ABNORMAL COMMUNICATION,true,,47,2026-09-14T15:14:10.158Z,2026-09-14T15:14:10.158Z
hearing voices,C,SEVERE DISTRESS / ABNORMAL COMMUNICATION,true,,48,2026-09-14T15:14:10.158Z,2026-09-14T15:14:10.158Z
helpless,C,SEVERE DISTRESS / ABNORMAL COMMUNICATION,true,,49,2026-09-14T15:14:10.158Z,2026-09-14T15:14:10.158Z
hopeless,C,SEVERE DISTRESS / ABNORMAL COMMUNICATION,true,,50,2026-09-14T15:14:10.158Z,2026-09-14T15:14:10.158Z
losing my mind,C,SEVERE DISTRESS / ABNORMAL COMMUNICATION,true,,51,2026-09-14T15:14:10.158Z,2026-09-14T15:14:10.158Z
lost my mind,C,SEVERE DISTRESS / ABNORMAL COMMUNICATION,true,,52,2026-09-14T15:14:10.158Z,2026-09-14T15:14:10.158Z
mental breakdown,C,SEVERE DISTRESS / ABNORMAL COMMUNICATION,true,,53,2026-09-14T15:14:10.158Z,2026-09-14T15:14:10.158Z
mental breakdowns,C,SEVERE DISTRESS / ABNORMAL COMMUNICATION,true,,54,2026-09-14T15:14:10.158Z,2026-09-14T15:14:10.158Z
mind control,C,SEVERE DISTRESS / ABNORMAL COMMUNICATION,true,,55,2026-09-14T15:14:10.158Z,2026-09-14T15:14:10.158Z
panic attack,C,SEVERE DISTRESS / ABNORMAL COMMUNICATION,true,,56,2026-09-14T15:14:10.158Z,2026-09-14T15:14:10.158Z
panic attacks,C,SEVERE DISTRESS / ABNORMAL COMMUNICATION,true,,57,2026-09-14T15:14:10.158Z,2026-09-14T15:14:10.158Z
spying on me,C,SEVERE DISTRESS / ABNORMAL COMMUNICATION,true,,58,2026-09-14T15:14:10.158Z,2026-09-14T15:14:10.158Z
terrified,C,SEVERE DISTRESS / ABNORMAL COMMUNICATION,true,,59,2026-09-14T15:14:10.158Z,2026-09-14T15:14:10.158Z
they are following me,C,SEVERE DISTRESS / ABNORMAL COMMUNICATION,true,,60,2026-09-14T15:14:10.158Z,2026-09-14T15:14:10.158Z
they are tracking me,C,SEVERE DISTRESS / ABNORMAL COMMUNICATION,true,,61,2026-09-14T15:14:10.158Z,2026-09-14T15:14:10.158Z
they are watching me,C,SEVERE DISTRESS / ABNORMAL COMMUNICATION,true,,62,2026-09-14T15:14:10.158Z,2026-09-14T15:14:10.158Z
unbearable,C,SEVERE DISTRESS / ABNORMAL COMMUNICATION,true,,63,2026-09-14T15:14:10.158Z,2026-09-14T15:14:10.158Z
voices are telling me,C,SEVERE DISTRESS / ABNORMAL COMMUNICATION,true,,64,2026-09-14T15:14:10.158Z,2026-09-14T15:14:10.158Z
bankrupt you,C,THREATS / RETALIATION / COERCION,true,,65,2026-09-14T15:14:10.158Z,2026-09-14T15:14:10.158Z
bankrupt your company,C,THREATS / RETALIATION / COERCION,true,,66,2026-09-14T15:14:10.158Z,2026-09-14T15:14:10.158Z
bring you down,C,THREATS / RETALIATION / COERCION,true,,67,2026-09-14T15:14:10.158Z,2026-09-14T15:14:10.158Z
bringing you down,C,THREATS / RETALIATION / COERCION,true,,68,2026-09-14T15:14:10.158Z,2026-09-14T15:14:10.158Z
come after you,C,THREATS / RETALIATION / COERCION,true,,69,2026-09-14T15:14:10.158Z,2026-09-14T15:14:10.158Z
come to your office,C,THREATS / RETALIATION / COERCION,true,,70,2026-09-14T15:14:10.158Z,2026-09-14T15:14:10.158Z
coming after you,C,THREATS / RETALIATION / COERCION,true,,71,2026-09-14T15:14:10.158Z,2026-09-14T15:14:10.158Z
coming to your office,C,THREATS / RETALIATION / COERCION,true,,72,2026-09-14T15:14:10.158Z,2026-09-14T15:14:10.158Z
destroy you,C,THREATS / RETALIATION / COERCION,true,,73,2026-09-14T15:14:10.158Z,2026-09-14T15:14:10.158Z
destroy your business,C,THREATS / RETALIATION / COERCION,true,,74,2026-09-14T15:14:10.158Z,2026-09-14T15:14:10.158Z
destroy your company,C,THREATS / RETALIATION / COERCION,true,,75,2026-09-14T15:14:10.158Z,2026-09-14T15:14:10.158Z
destroying you,C,THREATS / RETALIATION / COERCION,true,,76,2026-09-14T15:14:10.158Z,2026-09-14T15:14:10.158Z
final warning,C,THREATS / RETALIATION / COERCION,true,,77,2026-09-14T15:14:10.158Z,2026-09-14T15:14:10.158Z
find you,C,THREATS / RETALIATION / COERCION,true,,78,2026-09-14T15:14:10.158Z,2026-09-14T15:14:10.158Z
finding you,C,THREATS / RETALIATION / COERCION,true,,79,2026-09-14T15:14:10.158Z,2026-09-14T15:14:10.158Z
get you fired,C,THREATS / RETALIATION / COERCION,true,,80,2026-09-14T15:14:10.158Z,2026-09-14T15:14:10.158Z
getting you fired,C,THREATS / RETALIATION / COERCION,true,,81,2026-09-14T15:14:10.158Z,2026-09-14T15:14:10.158Z
go after you,C,THREATS / RETALIATION / COERCION,true,,82,2026-09-14T15:14:10.158Z,2026-09-14T15:14:10.158Z
going after you,C,THREATS / RETALIATION / COERCION,true,,83,2026-09-14T15:14:10.158Z,2026-09-14T15:14:10.158Z
I have your address,C,THREATS / RETALIATION / COERCION,true,,84,2026-09-14T15:14:10.158Z,2026-09-14T15:14:10.158Z
I know where you are,C,THREATS / RETALIATION / COERCION,true,,85,2026-09-14T15:14:10.158Z,2026-09-14T15:14:10.158Z
I know where you work,C,THREATS / RETALIATION / COERCION,true,,86,2026-09-14T15:14:10.158Z,2026-09-14T15:14:10.158Z
I know your address,C,THREATS / RETALIATION / COERCION,true,,87,2026-09-14T15:14:10.158Z,2026-09-14T15:14:10.158Z
last warning,C,THREATS / RETALIATION / COERCION,true,,88,2026-09-14T15:14:10.158Z,2026-09-14T15:14:10.158Z
make you pay,C,THREATS / RETALIATION / COERCION,true,,89,2026-09-14T15:14:10.158Z,2026-09-14T15:14:10.158Z
or else,C,THREATS / RETALIATION / COERCION,true,,90,2026-09-14T15:14:10.158Z,2026-09-14T15:14:10.158Z
put you out of business,C,THREATS / RETALIATION / COERCION,true,,91,2026-09-14T15:14:10.158Z,2026-09-14T15:14:10.158Z
retaliate,C,THREATS / RETALIATION / COERCION,true,,92,2026-09-14T15:14:10.158Z,2026-09-14T15:14:10.158Z
retaliated,C,THREATS / RETALIATION / COERCION,true,,93,2026-09-14T15:14:10.158Z,2026-09-14T15:14:10.158Z
retaliates,C,THREATS / RETALIATION / COERCION,true,,94,2026-09-14T15:14:10.158Z,2026-09-14T15:14:10.158Z
retaliating,C,THREATS / RETALIATION / COERCION,true,,95,2026-09-14T15:14:10.158Z,2026-09-14T15:14:10.158Z
retaliation,C,THREATS / RETALIATION / COERCION,true,,96,2026-09-14T15:14:10.158Z,2026-09-14T15:14:10.158Z
revenge,C,THREATS / RETALIATION / COERCION,true,,97,2026-09-14T15:14:10.158Z,2026-09-14T15:14:10.158Z
ruin you,C,THREATS / RETALIATION / COERCION,true,,98,2026-09-14T15:14:10.158Z,2026-09-14T15:14:10.158Z
ruin your business,C,THREATS / RETALIATION / COERCION,true,,99,2026-09-14T15:14:10.158Z,2026-09-14T15:14:10.158Z
ruin your company,C,THREATS / RETALIATION / COERCION,true,,100,2026-09-14T15:14:10.158Z,2026-09-14T15:14:10.158Z
ruin your reputation,C,THREATS / RETALIATION / COERCION,true,,101,2026-09-14T15:14:10.158Z,2026-09-14T15:14:10.158Z
ruining you,C,THREATS / RETALIATION / COERCION,true,,102,2026-09-14T15:14:10.158Z,2026-09-14T15:14:10.158Z
show up at your office,C,THREATS / RETALIATION / COERCION,true,,103,2026-09-14T15:14:10.158Z,2026-09-14T15:14:10.158Z
shut you down,C,THREATS / RETALIATION / COERCION,true,,104,2026-09-14T15:14:10.158Z,2026-09-14T15:14:10.158Z
shutting you down,C,THREATS / RETALIATION / COERCION,true,,105,2026-09-14T15:14:10.158Z,2026-09-14T15:14:10.158Z
take you down,C,THREATS / RETALIATION / COERCION,true,,106,2026-09-14T15:14:10.158Z,2026-09-14T15:14:10.158Z
taking you down,C,THREATS / RETALIATION / COERCION,true,,107,2026-09-14T15:14:10.158Z,2026-09-14T15:14:10.158Z
threat,C,THREATS / RETALIATION / COERCION,true,,108,2026-09-14T15:14:10.158Z,2026-09-14T15:14:10.158Z
threaten,C,THREATS / RETALIATION / COERCION,true,,109,2026-09-14T15:14:10.158Z,2026-09-14T15:14:10.158Z
threatened,C,THREATS / RETALIATION / COERCION,true,,110,2026-09-14T15:14:10.158Z,2026-09-14T15:14:10.158Z
threatening,C,THREATS / RETALIATION / COERCION,true,,111,2026-09-14T15:14:10.158Z,2026-09-14T15:14:10.158Z
threatens,C,THREATS / RETALIATION / COERCION,true,,112,2026-09-14T15:14:10.158Z,2026-09-14T15:14:10.158Z
threats,C,THREATS / RETALIATION / COERCION,true,,113,2026-09-14T15:14:10.158Z,2026-09-14T15:14:10.158Z
watch your back,C,THREATS / RETALIATION / COERCION,true,,114,2026-09-14T15:14:10.158Z,2026-09-14T15:14:10.158Z
you have been warned,C,THREATS / RETALIATION / COERCION,true,,115,2026-09-14T15:14:10.158Z,2026-09-14T15:14:10.158Z
you'll pay,C,THREATS / RETALIATION / COERCION,true,,116,2026-09-14T15:14:10.158Z,2026-09-14T15:14:10.158Z
you'll regret,C,THREATS / RETALIATION / COERCION,true,,117,2026-09-14T15:14:10.158Z,2026-09-14T15:14:10.158Z
you will pay,C,THREATS / RETALIATION / COERCION,true,,118,2026-09-14T15:14:10.158Z,2026-09-14T15:14:10.158Z
you will regret,C,THREATS / RETALIATION / COERCION,true,,119,2026-09-14T15:14:10.158Z,2026-09-14T15:14:10.158Z
arson,C,VIOLENCE / PHYSICAL THREATS,true,,120,2026-09-14T15:14:10.158Z,2026-09-14T15:14:10.158Z
assault,C,VIOLENCE / PHYSICAL THREATS,true,,121,2026-09-14T15:14:10.158Z,2026-09-14T15:14:10.158Z
assaulted,C,VIOLENCE / PHYSICAL THREATS,true,,122,2026-09-14T15:14:10.158Z,2026-09-14T15:14:10.158Z
assaulting,C,VIOLENCE / PHYSICAL THREATS,true,,123,2026-09-14T15:14:10.158Z,2026-09-14T15:14:10.158Z
assaults,C,VIOLENCE / PHYSICAL THREATS,true,,124,2026-09-14T15:14:10.158Z,2026-09-14T15:14:10.158Z
attack,C,VIOLENCE / PHYSICAL THREATS,true,,125,2026-09-14T15:14:10.158Z,2026-09-14T15:14:10.158Z
attacked,C,VIOLENCE / PHYSICAL THREATS,true,,126,2026-09-14T15:14:10.158Z,2026-09-14T15:14:10.158Z
attacking,C,VIOLENCE / PHYSICAL THREATS,true,,127,2026-09-14T15:14:10.158Z,2026-09-14T15:14:10.158Z
attacks,C,VIOLENCE / PHYSICAL THREATS,true,,128,2026-09-14T15:14:10.158Z,2026-09-14T15:14:10.158Z
beat you,C,VIOLENCE / PHYSICAL THREATS,true,,129,2026-09-14T15:14:10.158Z,2026-09-14T15:14:10.158Z
beating you,C,VIOLENCE / PHYSICAL THREATS,true,,130,2026-09-14T15:14:10.158Z,2026-09-14T15:14:10.158Z
blow up,C,VIOLENCE / PHYSICAL THREATS,true,,131,2026-09-14T15:14:10.158Z,2026-09-14T15:14:10.158Z
blow you up,C,VIOLENCE / PHYSICAL THREATS,true,,132,2026-09-14T15:14:10.161Z,2026-09-14T15:14:10.161Z
bomb,C,VIOLENCE / PHYSICAL THREATS,true,,133,2026-09-14T15:14:10.161Z,2026-09-14T15:14:10.161Z
bombed,C,VIOLENCE / PHYSICAL THREATS,true,,134,2026-09-14T15:14:10.161Z,2026-09-14T15:14:10.161Z
bombing,C,VIOLENCE / PHYSICAL THREATS,true,,135,2026-09-14T15:14:10.161Z,2026-09-14T15:14:10.161Z
bombs,C,VIOLENCE / PHYSICAL THREATS,true,,136,2026-09-14T15:14:10.161Z,2026-09-14T15:14:10.161Z
burn down,C,VIOLENCE / PHYSICAL THREATS,true,,137,2026-09-14T15:14:10.161Z,2026-09-14T15:14:10.161Z
burning down,C,VIOLENCE / PHYSICAL THREATS,true,,138,2026-09-14T15:14:10.161Z,2026-09-14T15:14:10.161Z
choke,C,VIOLENCE / PHYSICAL THREATS,true,,139,2026-09-14T15:14:10.161Z,2026-09-14T15:14:10.161Z
choked,C,VIOLENCE / PHYSICAL THREATS,true,,140,2026-09-14T15:14:10.161Z,2026-09-14T15:14:10.161Z
chokes,C,VIOLENCE / PHYSICAL THREATS,true,,141,2026-09-14T15:14:10.161Z,2026-09-14T15:14:10.161Z
choking,C,VIOLENCE / PHYSICAL THREATS,true,,142,2026-09-14T15:14:10.161Z,2026-09-14T15:14:10.161Z
death threat,C,VIOLENCE / PHYSICAL THREATS,true,,143,2026-09-14T15:14:10.161Z,2026-09-14T15:14:10.161Z
death threats,C,VIOLENCE / PHYSICAL THREATS,true,,144,2026-09-14T15:14:10.161Z,2026-09-14T15:14:10.161Z
explosive,C,VIOLENCE / PHYSICAL THREATS,true,,145,2026-09-14T15:14:10.161Z,2026-09-14T15:14:10.161Z
explosives,C,VIOLENCE / PHYSICAL THREATS,true,,146,2026-09-14T15:14:10.161Z,2026-09-14T15:14:10.161Z
firearm,C,VIOLENCE / PHYSICAL THREATS,true,,147,2026-09-14T15:14:10.161Z,2026-09-14T15:14:10.161Z
firearms,C,VIOLENCE / PHYSICAL THREATS,true,,148,2026-09-14T15:14:10.161Z,2026-09-14T15:14:10.161Z
gun,C,VIOLENCE / PHYSICAL THREATS,true,,149,2026-09-14T15:14:10.161Z,2026-09-14T15:14:10.161Z
guns,C,VIOLENCE / PHYSICAL THREATS,true,,150,2026-09-14T15:14:10.161Z,2026-09-14T15:14:10.161Z
harm,C,VIOLENCE / PHYSICAL THREATS,true,,151,2026-09-14T15:14:10.161Z,2026-09-14T15:14:10.161Z
harmed,C,VIOLENCE / PHYSICAL THREATS,true,,152,2026-09-14T15:14:10.161Z,2026-09-14T15:14:10.161Z
harming,C,VIOLENCE / PHYSICAL THREATS,true,,153,2026-09-14T15:14:10.161Z,2026-09-14T15:14:10.161Z
harms,C,VIOLENCE / PHYSICAL THREATS,true,,154,2026-09-14T15:14:10.161Z,2026-09-14T15:14:10.161Z
hunt you down,C,VIOLENCE / PHYSICAL THREATS,true,,155,2026-09-14T15:14:10.161Z,2026-09-14T15:14:10.161Z
hunting you down,C,VIOLENCE / PHYSICAL THREATS,true,,156,2026-09-14T15:14:10.161Z,2026-09-14T15:14:10.161Z
hurt her,C,VIOLENCE / PHYSICAL THREATS,true,,157,2026-09-14T15:14:10.161Z,2026-09-14T15:14:10.161Z
hurt him,C,VIOLENCE / PHYSICAL THREATS,true,,158,2026-09-14T15:14:10.161Z,2026-09-14T15:14:10.161Z
hurt them,C,VIOLENCE / PHYSICAL THREATS,true,,159,2026-09-14T15:14:10.161Z,2026-09-14T15:14:10.161Z
hurt you,C,VIOLENCE / PHYSICAL THREATS,true,,160,2026-09-14T15:14:10.161Z,2026-09-14T15:14:10.161Z
injure,C,VIOLENCE / PHYSICAL THREATS,true,,161,2026-09-14T15:14:10.161Z,2026-09-14T15:14:10.161Z
injured,C,VIOLENCE / PHYSICAL THREATS,true,,162,2026-09-14T15:14:10.161Z,2026-09-14T15:14:10.161Z
injures,C,VIOLENCE / PHYSICAL THREATS,true,,163,2026-09-14T15:14:10.161Z,2026-09-14T15:14:10.161Z
injuring,C,VIOLENCE / PHYSICAL THREATS,true,,164,2026-09-14T15:14:10.161Z,2026-09-14T15:14:10.161Z
kill,C,VIOLENCE / PHYSICAL THREATS,true,,165,2026-09-14T15:14:10.161Z,2026-09-14T15:14:10.161Z
killed,C,VIOLENCE / PHYSICAL THREATS,true,,166,2026-09-14T15:14:10.161Z,2026-09-14T15:14:10.161Z
killing,C,VIOLENCE / PHYSICAL THREATS,true,,167,2026-09-14T15:14:10.161Z,2026-09-14T15:14:10.161Z
kills,C,VIOLENCE / PHYSICAL THREATS,true,,168,2026-09-14T15:14:10.161Z,2026-09-14T15:14:10.161Z
knife,C,VIOLENCE / PHYSICAL THREATS,true,,169,2026-09-14T15:14:10.161Z,2026-09-14T15:14:10.161Z
knives,C,VIOLENCE / PHYSICAL THREATS,true,,170,2026-09-14T15:14:10.161Z,2026-09-14T15:14:10.161Z
murder,C,VIOLENCE / PHYSICAL THREATS,true,,171,2026-09-14T15:14:10.161Z,2026-09-14T15:14:10.161Z
murdered,C,VIOLENCE / PHYSICAL THREATS,true,,172,2026-09-14T15:14:10.161Z,2026-09-14T15:14:10.161Z
murdering,C,VIOLENCE / PHYSICAL THREATS,true,,173,2026-09-14T15:14:10.161Z,2026-09-14T15:14:10.161Z
murders,C,VIOLENCE / PHYSICAL THREATS,true,,174,2026-09-14T15:14:10.161Z,2026-09-14T15:14:10.161Z
punch,C,VIOLENCE / PHYSICAL THREATS,true,,175,2026-09-14T15:14:10.161Z,2026-09-14T15:14:10.161Z
punched,C,VIOLENCE / PHYSICAL THREATS,true,,176,2026-09-14T15:14:10.161Z,2026-09-14T15:14:10.161Z
punches,C,VIOLENCE / PHYSICAL THREATS,true,,177,2026-09-14T15:14:10.161Z,2026-09-14T15:14:10.161Z
punching,C,VIOLENCE / PHYSICAL THREATS,true,,178,2026-09-14T15:14:10.161Z,2026-09-14T15:14:10.161Z
set fire,C,VIOLENCE / PHYSICAL THREATS,true,,179,2026-09-14T15:14:10.161Z,2026-09-14T15:14:10.161Z
shoot,C,VIOLENCE / PHYSICAL THREATS,true,,180,2026-09-14T15:14:10.161Z,2026-09-14T15:14:10.161Z
shooting,C,VIOLENCE / PHYSICAL THREATS,true,,181,2026-09-14T15:14:10.161Z,2026-09-14T15:14:10.161Z
shoots,C,VIOLENCE / PHYSICAL THREATS,true,,182,2026-09-14T15:14:10.161Z,2026-09-14T15:14:10.161Z
shot,C,VIOLENCE / PHYSICAL THREATS,true,,183,2026-09-14T15:14:10.161Z,2026-09-14T15:14:10.161Z
stab,C,VIOLENCE / PHYSICAL THREATS,true,,184,2026-09-14T15:14:10.161Z,2026-09-14T15:14:10.161Z
stabbed,C,VIOLENCE / PHYSICAL THREATS,true,,185,2026-09-14T15:14:10.161Z,2026-09-14T15:14:10.161Z
stabbing,C,VIOLENCE / PHYSICAL THREATS,true,,186,2026-09-14T15:14:10.161Z,2026-09-14T15:14:10.161Z
stabs,C,VIOLENCE / PHYSICAL THREATS,true,,187,2026-09-14T15:14:10.161Z,2026-09-14T15:14:10.161Z
strangle,C,VIOLENCE / PHYSICAL THREATS,true,,188,2026-09-14T15:14:10.161Z,2026-09-14T15:14:10.161Z
strangled,C,VIOLENCE / PHYSICAL THREATS,true,,189,2026-09-14T15:14:10.161Z,2026-09-14T15:14:10.161Z
strangles,C,VIOLENCE / PHYSICAL THREATS,true,,190,2026-09-14T15:14:10.161Z,2026-09-14T15:14:10.161Z
strangling,C,VIOLENCE / PHYSICAL THREATS,true,,191,2026-09-14T15:14:10.161Z,2026-09-14T15:14:10.161Z
violence,C,VIOLENCE / PHYSICAL THREATS,true,,192,2026-09-14T15:14:10.161Z,2026-09-14T15:14:10.161Z
violent,C,VIOLENCE / PHYSICAL THREATS,true,,193,2026-09-14T15:14:10.161Z,2026-09-14T15:14:10.161Z
weapon,C,VIOLENCE / PHYSICAL THREATS,true,,194,2026-09-14T15:14:10.161Z,2026-09-14T15:14:10.161Z
weapons,C,VIOLENCE / PHYSICAL THREATS,true,,195,2026-09-14T15:14:10.161Z,2026-09-14T15:14:10.161Z
bank investigation,A,BANK / CARD / PAYMENT DISPUTE / CHARGEBACK,true,,196,2026-09-14T15:14:10.161Z,2026-09-14T15:14:10.161Z
bank investigations,A,BANK / CARD / PAYMENT DISPUTE / CHARGEBACK,true,,197,2026-09-14T15:14:10.161Z,2026-09-14T15:14:10.161Z
call my bank,A,BANK / CARD / PAYMENT DISPUTE / CHARGEBACK,true,,198,2026-09-14T15:14:10.161Z,2026-09-14T15:14:10.161Z
call my card issuer,A,BANK / CARD / PAYMENT DISPUTE / CHARGEBACK,true,,199,2026-09-14T15:14:10.161Z,2026-09-14T15:14:10.161Z
call my credit card company,A,BANK / CARD / PAYMENT DISPUTE / CHARGEBACK,true,,200,2026-09-14T15:14:10.161Z,2026-09-14T15:14:10.161Z
call the bank,A,BANK / CARD / PAYMENT DISPUTE / CHARGEBACK,true,,201,2026-09-14T15:14:10.161Z,2026-09-14T15:14:10.161Z
called my bank,A,BANK / CARD / PAYMENT DISPUTE / CHARGEBACK,true,,202,2026-09-14T15:14:10.161Z,2026-09-14T15:14:10.161Z
called my card issuer,A,BANK / CARD / PAYMENT DISPUTE / CHARGEBACK,true,,203,2026-09-14T15:14:10.161Z,2026-09-14T15:14:10.161Z
called my credit card company,A,BANK / CARD / PAYMENT DISPUTE / CHARGEBACK,true,,204,2026-09-14T15:14:10.161Z,2026-09-14T15:14:10.161Z
called the bank,A,BANK / CARD / PAYMENT DISPUTE / CHARGEBACK,true,,205,2026-09-14T15:14:10.161Z,2026-09-14T15:14:10.161Z
calling my bank,A,BANK / CARD / PAYMENT DISPUTE / CHARGEBACK,true,,206,2026-09-14T15:14:10.161Z,2026-09-14T15:14:10.161Z
calling my card issuer,A,BANK / CARD / PAYMENT DISPUTE / CHARGEBACK,true,,207,2026-09-14T15:14:10.161Z,2026-09-14T15:14:10.161Z
calling my credit card company,A,BANK / CARD / PAYMENT DISPUTE / CHARGEBACK,true,,208,2026-09-14T15:14:10.161Z,2026-09-14T15:14:10.161Z
calling the bank,A,BANK / CARD / PAYMENT DISPUTE / CHARGEBACK,true,,209,2026-09-14T15:14:10.161Z,2026-09-14T15:14:10.161Z
chargeback,A,BANK / CARD / PAYMENT DISPUTE / CHARGEBACK,true,,210,2026-09-14T15:14:10.161Z,2026-09-14T15:14:10.161Z
chargebacks,A,BANK / CARD / PAYMENT DISPUTE / CHARGEBACK,true,,211,2026-09-14T15:14:10.161Z,2026-09-14T15:14:10.161Z
complain to my bank,A,BANK / CARD / PAYMENT DISPUTE / CHARGEBACK,true,,212,2026-09-14T15:14:10.161Z,2026-09-14T15:14:10.161Z
complain to the bank,A,BANK / CARD / PAYMENT DISPUTE / CHARGEBACK,true,,213,2026-09-14T15:14:10.161Z,2026-09-14T15:14:10.161Z
complained to my bank,A,BANK / CARD / PAYMENT DISPUTE / CHARGEBACK,true,,214,2026-09-14T15:14:10.161Z,2026-09-14T15:14:10.161Z
complained to the bank,A,BANK / CARD / PAYMENT DISPUTE / CHARGEBACK,true,,215,2026-09-14T15:14:10.161Z,2026-09-14T15:14:10.161Z
complaining to my bank,A,BANK / CARD / PAYMENT DISPUTE / CHARGEBACK,true,,216,2026-09-14T15:14:10.161Z,2026-09-14T15:14:10.161Z
complaining to the bank,A,BANK / CARD / PAYMENT DISPUTE / CHARGEBACK,true,,217,2026-09-14T15:14:10.161Z,2026-09-14T15:14:10.161Z
complaint to my bank,A,BANK / CARD / PAYMENT DISPUTE / CHARGEBACK,true,,218,2026-09-14T15:14:10.161Z,2026-09-14T15:14:10.161Z
complaint with my bank,A,BANK / CARD / PAYMENT DISPUTE / CHARGEBACK,true,,219,2026-09-14T15:14:10.161Z,2026-09-14T15:14:10.161Z
contact my bank,A,BANK / CARD / PAYMENT DISPUTE / CHARGEBACK,true,,220,2026-09-14T15:14:10.161Z,2026-09-14T15:14:10.161Z
contact my card issuer,A,BANK / CARD / PAYMENT DISPUTE / CHARGEBACK,true,,221,2026-09-14T15:14:10.161Z,2026-09-14T15:14:10.161Z
contact my credit card company,A,BANK / CARD / PAYMENT DISPUTE / CHARGEBACK,true,,222,2026-09-14T15:14:10.161Z,2026-09-14T15:14:10.161Z
contact my payment provider,A,BANK / CARD / PAYMENT DISPUTE / CHARGEBACK,true,,223,2026-09-14T15:14:10.161Z,2026-09-14T15:14:10.161Z
contact the bank,A,BANK / CARD / PAYMENT DISPUTE / CHARGEBACK,true,,224,2026-09-14T15:14:10.161Z,2026-09-14T15:14:10.161Z
contacted my bank,A,BANK / CARD / PAYMENT DISPUTE / CHARGEBACK,true,,225,2026-09-14T15:14:10.161Z,2026-09-14T15:14:10.161Z
contacted my card issuer,A,BANK / CARD / PAYMENT DISPUTE / CHARGEBACK,true,,226,2026-09-14T15:14:10.161Z,2026-09-14T15:14:10.161Z
contacted my credit card company,A,BANK / CARD / PAYMENT DISPUTE / CHARGEBACK,true,,227,2026-09-14T15:14:10.161Z,2026-09-14T15:14:10.161Z
contacted my payment provider,A,BANK / CARD / PAYMENT DISPUTE / CHARGEBACK,true,,228,2026-09-14T15:14:10.161Z,2026-09-14T15:14:10.161Z
contacted the bank,A,BANK / CARD / PAYMENT DISPUTE / CHARGEBACK,true,,229,2026-09-14T15:14:10.161Z,2026-09-14T15:14:10.161Z
contacting my bank,A,BANK / CARD / PAYMENT DISPUTE / CHARGEBACK,true,,230,2026-09-14T15:14:10.161Z,2026-09-14T15:14:10.161Z
contacting my card issuer,A,BANK / CARD / PAYMENT DISPUTE / CHARGEBACK,true,,231,2026-09-14T15:14:10.161Z,2026-09-14T15:14:10.161Z
contacting my credit card company,A,BANK / CARD / PAYMENT DISPUTE / CHARGEBACK,true,,232,2026-09-14T15:14:10.161Z,2026-09-14T15:14:10.161Z
contacting my payment provider,A,BANK / CARD / PAYMENT DISPUTE / CHARGEBACK,true,,233,2026-09-14T15:14:10.161Z,2026-09-14T15:14:10.161Z
contacting the bank,A,BANK / CARD / PAYMENT DISPUTE / CHARGEBACK,true,,234,2026-09-14T15:14:10.161Z,2026-09-14T15:14:10.161Z
dispute,A,BANK / CARD / PAYMENT DISPUTE / CHARGEBACK,true,,235,2026-09-14T15:14:10.161Z,2026-09-14T15:14:10.161Z
disputed,A,BANK / CARD / PAYMENT DISPUTE / CHARGEBACK,true,,236,2026-09-14T15:14:10.161Z,2026-09-14T15:14:10.161Z
disputes,A,BANK / CARD / PAYMENT DISPUTE / CHARGEBACK,true,,237,2026-09-14T15:14:10.161Z,2026-09-14T15:14:10.161Z
disputing,A,BANK / CARD / PAYMENT DISPUTE / CHARGEBACK,true,,238,2026-09-14T15:14:10.161Z,2026-09-14T15:14:10.161Z
go through my bank,A,BANK / CARD / PAYMENT DISPUTE / CHARGEBACK,true,,239,2026-09-14T15:14:10.161Z,2026-09-14T15:14:10.161Z
going through my bank,A,BANK / CARD / PAYMENT DISPUTE / CHARGEBACK,true,,240,2026-09-14T15:14:10.161Z,2026-09-14T15:14:10.161Z
my bank investigated,A,BANK / CARD / PAYMENT DISPUTE / CHARGEBACK,true,,241,2026-09-14T15:14:10.161Z,2026-09-14T15:14:10.161Z
my bank is investigating,A,BANK / CARD / PAYMENT DISPUTE / CHARGEBACK,true,,242,2026-09-14T15:14:10.161Z,2026-09-14T15:14:10.161Z
payment reversal,A,BANK / CARD / PAYMENT DISPUTE / CHARGEBACK,true,,243,2026-09-14T15:14:10.161Z,2026-09-14T15:14:10.161Z
payment reversals,A,BANK / CARD / PAYMENT DISPUTE / CHARGEBACK,true,,244,2026-09-14T15:14:10.161Z,2026-09-14T15:14:10.161Z
report to my bank,A,BANK / CARD / PAYMENT DISPUTE / CHARGEBACK,true,,245,2026-09-14T15:14:10.161Z,2026-09-14T15:14:10.161Z
report to the bank,A,BANK / CARD / PAYMENT DISPUTE / CHARGEBACK,true,,246,2026-09-14T15:14:10.161Z,2026-09-14T15:14:10.161Z
reported to my bank,A,BANK / CARD / PAYMENT DISPUTE / CHARGEBACK,true,,247,2026-09-14T15:14:10.161Z,2026-09-14T15:14:10.161Z
reported to the bank,A,BANK / CARD / PAYMENT DISPUTE / CHARGEBACK,true,,248,2026-09-14T15:14:10.161Z,2026-09-14T15:14:10.161Z
reporting to my bank,A,BANK / CARD / PAYMENT DISPUTE / CHARGEBACK,true,,249,2026-09-14T15:14:10.161Z,2026-09-14T15:14:10.161Z
reporting to the bank,A,BANK / CARD / PAYMENT DISPUTE / CHARGEBACK,true,,250,2026-09-14T15:14:10.161Z,2026-09-14T15:14:10.161Z
reversal,A,BANK / CARD / PAYMENT DISPUTE / CHARGEBACK,true,,251,2026-09-14T15:14:10.161Z,2026-09-14T15:14:10.161Z
reversals,A,BANK / CARD / PAYMENT DISPUTE / CHARGEBACK,true,,252,2026-09-14T15:14:10.161Z,2026-09-14T15:14:10.161Z
reverse the charge,A,BANK / CARD / PAYMENT DISPUTE / CHARGEBACK,true,,253,2026-09-14T15:14:10.161Z,2026-09-14T15:14:10.161Z
reverse the payment,A,BANK / CARD / PAYMENT DISPUTE / CHARGEBACK,true,,254,2026-09-14T15:14:10.161Z,2026-09-14T15:14:10.161Z
reverse the transaction,A,BANK / CARD / PAYMENT DISPUTE / CHARGEBACK,true,,255,2026-09-14T15:14:10.161Z,2026-09-14T15:14:10.161Z
reverse this charge,A,BANK / CARD / PAYMENT DISPUTE / CHARGEBACK,true,,256,2026-09-14T15:14:10.161Z,2026-09-14T15:14:10.161Z
reverse this payment,A,BANK / CARD / PAYMENT DISPUTE / CHARGEBACK,true,,257,2026-09-14T15:14:10.161Z,2026-09-14T15:14:10.161Z
reverse this transaction,A,BANK / CARD / PAYMENT DISPUTE / CHARGEBACK,true,,258,2026-09-14T15:14:10.161Z,2026-09-14T15:14:10.161Z
take this up with my bank,A,BANK / CARD / PAYMENT DISPUTE / CHARGEBACK,true,,259,2026-09-14T15:14:10.161Z,2026-09-14T15:14:10.161Z
taking this up with my bank,A,BANK / CARD / PAYMENT DISPUTE / CHARGEBACK,true,,260,2026-09-14T15:14:10.161Z,2026-09-14T15:14:10.161Z
took this up with my bank,A,BANK / CARD / PAYMENT DISPUTE / CHARGEBACK,true,,261,2026-09-14T15:14:10.161Z,2026-09-14T15:14:10.161Z
transaction reversal,A,BANK / CARD / PAYMENT DISPUTE / CHARGEBACK,true,,262,2026-09-14T15:14:10.161Z,2026-09-14T15:14:10.161Z
transaction reversals,A,BANK / CARD / PAYMENT DISPUTE / CHARGEBACK,true,,263,2026-09-14T15:14:10.166Z,2026-09-14T15:14:10.166Z
went through my bank,A,BANK / CARD / PAYMENT DISPUTE / CHARGEBACK,true,,264,2026-09-14T15:14:10.166Z,2026-09-14T15:14:10.166Z
bait and switch,A,CONSUMER RIGHTS / UNFAIR PRACTICES,true,,265,2026-09-14T15:14:10.166Z,2026-09-14T15:14:10.166Z
consumer fraud,A,CONSUMER RIGHTS / UNFAIR PRACTICES,true,,266,2026-09-14T15:14:10.166Z,2026-09-14T15:14:10.166Z
consumer law,A,CONSUMER RIGHTS / UNFAIR PRACTICES,true,,267,2026-09-14T15:14:10.166Z,2026-09-14T15:14:10.166Z
consumer laws,A,CONSUMER RIGHTS / UNFAIR PRACTICES,true,,268,2026-09-14T15:14:10.166Z,2026-09-14T15:14:10.166Z
consumer protection,A,CONSUMER RIGHTS / UNFAIR PRACTICES,true,,269,2026-09-14T15:14:10.166Z,2026-09-14T15:14:10.166Z
consumer rights,A,CONSUMER RIGHTS / UNFAIR PRACTICES,true,,270,2026-09-14T15:14:10.166Z,2026-09-14T15:14:10.166Z
dark pattern,A,CONSUMER RIGHTS / UNFAIR PRACTICES,true,,271,2026-09-14T15:14:10.166Z,2026-09-14T15:14:10.166Z
dark patterns,A,CONSUMER RIGHTS / UNFAIR PRACTICES,true,,272,2026-09-14T15:14:10.166Z,2026-09-14T15:14:10.166Z
deceptive practice,A,CONSUMER RIGHTS / UNFAIR PRACTICES,true,,273,2026-09-14T15:14:10.166Z,2026-09-14T15:14:10.166Z
deceptive practices,A,CONSUMER RIGHTS / UNFAIR PRACTICES,true,,274,2026-09-14T15:14:10.166Z,2026-09-14T15:14:10.166Z
false advertising,A,CONSUMER RIGHTS / UNFAIR PRACTICES,true,,275,2026-09-14T15:14:10.166Z,2026-09-14T15:14:10.166Z
illegal charge,A,CONSUMER RIGHTS / UNFAIR PRACTICES,true,,276,2026-09-14T15:14:10.166Z,2026-09-14T15:14:10.166Z
illegal charges,A,CONSUMER RIGHTS / UNFAIR PRACTICES,true,,277,2026-09-14T15:14:10.166Z,2026-09-14T15:14:10.166Z
predatory practice,A,CONSUMER RIGHTS / UNFAIR PRACTICES,true,,278,2026-09-14T15:14:10.166Z,2026-09-14T15:14:10.166Z
predatory practices,A,CONSUMER RIGHTS / UNFAIR PRACTICES,true,,279,2026-09-14T15:14:10.166Z,2026-09-14T15:14:10.166Z
unfair billing,A,CONSUMER RIGHTS / UNFAIR PRACTICES,true,,280,2026-09-14T15:14:10.166Z,2026-09-14T15:14:10.166Z
unfair business practice,A,CONSUMER RIGHTS / UNFAIR PRACTICES,true,,281,2026-09-14T15:14:10.166Z,2026-09-14T15:14:10.166Z
unfair business practices,A,CONSUMER RIGHTS / UNFAIR PRACTICES,true,,282,2026-09-14T15:14:10.166Z,2026-09-14T15:14:10.166Z
unfair practice,A,CONSUMER RIGHTS / UNFAIR PRACTICES,true,,283,2026-09-14T15:14:10.166Z,2026-09-14T15:14:10.166Z
unfair practices,A,CONSUMER RIGHTS / UNFAIR PRACTICES,true,,284,2026-09-14T15:14:10.166Z,2026-09-14T15:14:10.166Z
unlawful charge,A,CONSUMER RIGHTS / UNFAIR PRACTICES,true,,285,2026-09-14T15:14:10.166Z,2026-09-14T15:14:10.166Z
unlawful charges,A,CONSUMER RIGHTS / UNFAIR PRACTICES,true,,286,2026-09-14T15:14:10.166Z,2026-09-14T15:14:10.166Z
arbitration,A,LEGAL / COURT / LAWYER,true,,287,2026-09-14T15:14:10.166Z,2026-09-14T15:14:10.166Z
arbitrator,A,LEGAL / COURT / LAWYER,true,,288,2026-09-14T15:14:10.166Z,2026-09-14T15:14:10.166Z
arbitrators,A,LEGAL / COURT / LAWYER,true,,289,2026-09-14T15:14:10.166Z,2026-09-14T15:14:10.166Z
attorney,A,LEGAL / COURT / LAWYER,true,,290,2026-09-14T15:14:10.166Z,2026-09-14T15:14:10.166Z
attorneys,A,LEGAL / COURT / LAWYER,true,,291,2026-09-14T15:14:10.166Z,2026-09-14T15:14:10.166Z
barrister,A,LEGAL / COURT / LAWYER,true,,292,2026-09-14T15:14:10.166Z,2026-09-14T15:14:10.166Z
barristers,A,LEGAL / COURT / LAWYER,true,,293,2026-09-14T15:14:10.166Z,2026-09-14T15:14:10.166Z
cease and desist,A,LEGAL / COURT / LAWYER,true,,294,2026-09-14T15:14:10.166Z,2026-09-14T15:14:10.166Z
claim,A,LEGAL / COURT / LAWYER,true,,295,2026-09-14T15:14:10.166Z,2026-09-14T15:14:10.166Z
claimed,A,LEGAL / COURT / LAWYER,true,,296,2026-09-14T15:14:10.166Z,2026-09-14T15:14:10.166Z
claiming,A,LEGAL / COURT / LAWYER,true,,297,2026-09-14T15:14:10.166Z,2026-09-14T15:14:10.166Z
claims,A,LEGAL / COURT / LAWYER,true,,298,2026-09-14T15:14:10.166Z,2026-09-14T15:14:10.166Z
class action,A,LEGAL / COURT / LAWYER,true,,299,2026-09-14T15:14:10.166Z,2026-09-14T15:14:10.166Z
class actions,A,LEGAL / COURT / LAWYER,true,,300,2026-09-14T15:14:10.166Z,2026-09-14T15:14:10.166Z
court,A,LEGAL / COURT / LAWYER,true,,301,2026-09-14T15:14:10.166Z,2026-09-14T15:14:10.166Z
courts,A,LEGAL / COURT / LAWYER,true,,302,2026-09-14T15:14:10.166Z,2026-09-14T15:14:10.166Z
formal complaint,A,LEGAL / COURT / LAWYER,true,,303,2026-09-14T15:14:10.166Z,2026-09-14T15:14:10.166Z
formal complaints,A,LEGAL / COURT / LAWYER,true,,304,2026-09-14T15:14:10.166Z,2026-09-14T15:14:10.166Z
injunction,A,LEGAL / COURT / LAWYER,true,,305,2026-09-14T15:14:10.166Z,2026-09-14T15:14:10.166Z
injunctions,A,LEGAL / COURT / LAWYER,true,,306,2026-09-14T15:14:10.166Z,2026-09-14T15:14:10.166Z
law,A,LEGAL / COURT / LAWYER,true,,307,2026-09-14T15:14:10.166Z,2026-09-14T15:14:10.166Z
law firm,A,LEGAL / COURT / LAWYER,true,,308,2026-09-14T15:14:10.166Z,2026-09-14T15:14:10.166Z
law firms,A,LEGAL / COURT / LAWYER,true,,309,2026-09-14T15:14:10.166Z,2026-09-14T15:14:10.166Z
laws,A,LEGAL / COURT / LAWYER,true,,310,2026-09-14T15:14:10.166Z,2026-09-14T15:14:10.166Z
lawsuit,A,LEGAL / COURT / LAWYER,true,,311,2026-09-14T15:14:10.166Z,2026-09-14T15:14:10.166Z
lawsuits,A,LEGAL / COURT / LAWYER,true,,312,2026-09-14T15:14:10.166Z,2026-09-14T15:14:10.166Z
lawyer,A,LEGAL / COURT / LAWYER,true,,313,2026-09-14T15:14:10.166Z,2026-09-14T15:14:10.166Z
lawyers,A,LEGAL / COURT / LAWYER,true,,314,2026-09-14T15:14:10.166Z,2026-09-14T15:14:10.166Z
legal,A,LEGAL / COURT / LAWYER,true,,315,2026-09-14T15:14:10.166Z,2026-09-14T15:14:10.166Z
legal claim,A,LEGAL / COURT / LAWYER,true,,316,2026-09-14T15:14:10.166Z,2026-09-14T15:14:10.166Z
legal claims,A,LEGAL / COURT / LAWYER,true,,317,2026-09-14T15:14:10.166Z,2026-09-14T15:14:10.166Z
legal complaint,A,LEGAL / COURT / LAWYER,true,,318,2026-09-14T15:14:10.166Z,2026-09-14T15:14:10.166Z
legal complaints,A,LEGAL / COURT / LAWYER,true,,319,2026-09-14T15:14:10.166Z,2026-09-14T15:14:10.166Z
legal notice,A,LEGAL / COURT / LAWYER,true,,320,2026-09-14T15:14:10.166Z,2026-09-14T15:14:10.166Z
legal notices,A,LEGAL / COURT / LAWYER,true,,321,2026-09-14T15:14:10.166Z,2026-09-14T15:14:10.166Z
litigate,A,LEGAL / COURT / LAWYER,true,,322,2026-09-14T15:14:10.166Z,2026-09-14T15:14:10.166Z
litigated,A,LEGAL / COURT / LAWYER,true,,323,2026-09-14T15:14:10.166Z,2026-09-14T15:14:10.166Z
litigates,A,LEGAL / COURT / LAWYER,true,,324,2026-09-14T15:14:10.166Z,2026-09-14T15:14:10.166Z
litigating,A,LEGAL / COURT / LAWYER,true,,325,2026-09-14T15:14:10.166Z,2026-09-14T15:14:10.166Z
litigation,A,LEGAL / COURT / LAWYER,true,,326,2026-09-14T15:14:10.166Z,2026-09-14T15:14:10.166Z
official complaint,A,LEGAL / COURT / LAWYER,true,,327,2026-09-14T15:14:10.166Z,2026-09-14T15:14:10.166Z
official complaints,A,LEGAL / COURT / LAWYER,true,,328,2026-09-14T15:14:10.166Z,2026-09-14T15:14:10.166Z
press charges,A,LEGAL / COURT / LAWYER,true,,329,2026-09-14T15:14:10.166Z,2026-09-14T15:14:10.166Z
prosecute,A,LEGAL / COURT / LAWYER,true,,330,2026-09-14T15:14:10.166Z,2026-09-14T15:14:10.166Z
prosecuted,A,LEGAL / COURT / LAWYER,true,,331,2026-09-14T15:14:10.166Z,2026-09-14T15:14:10.166Z
prosecutes,A,LEGAL / COURT / LAWYER,true,,332,2026-09-14T15:14:10.166Z,2026-09-14T15:14:10.166Z
prosecuting,A,LEGAL / COURT / LAWYER,true,,333,2026-09-14T15:14:10.166Z,2026-09-14T15:14:10.166Z
prosecution,A,LEGAL / COURT / LAWYER,true,,334,2026-09-14T15:14:10.166Z,2026-09-14T15:14:10.166Z
prosecutions,A,LEGAL / COURT / LAWYER,true,,335,2026-09-14T15:14:10.166Z,2026-09-14T15:14:10.166Z
prosecutor,A,LEGAL / COURT / LAWYER,true,,336,2026-09-14T15:14:10.166Z,2026-09-14T15:14:10.166Z
prosecutors,A,LEGAL / COURT / LAWYER,true,,337,2026-09-14T15:14:10.166Z,2026-09-14T15:14:10.166Z
small claims,A,LEGAL / COURT / LAWYER,true,,338,2026-09-14T15:14:10.166Z,2026-09-14T15:14:10.166Z
solicitor,A,LEGAL / COURT / LAWYER,true,,339,2026-09-14T15:14:10.166Z,2026-09-14T15:14:10.166Z
solicitors,A,LEGAL / COURT / LAWYER,true,,340,2026-09-14T15:14:10.166Z,2026-09-14T15:14:10.166Z
subpoena,A,LEGAL / COURT / LAWYER,true,,341,2026-09-14T15:14:10.166Z,2026-09-14T15:14:10.166Z
subpoenaed,A,LEGAL / COURT / LAWYER,true,,342,2026-09-14T15:14:10.166Z,2026-09-14T15:14:10.166Z
subpoenas,A,LEGAL / COURT / LAWYER,true,,343,2026-09-14T15:14:10.166Z,2026-09-14T15:14:10.166Z
sue,A,LEGAL / COURT / LAWYER,true,,344,2026-09-14T15:14:10.166Z,2026-09-14T15:14:10.166Z
sued,A,LEGAL / COURT / LAWYER,true,,345,2026-09-14T15:14:10.166Z,2026-09-14T15:14:10.166Z
sues,A,LEGAL / COURT / LAWYER,true,,346,2026-09-14T15:14:10.166Z,2026-09-14T15:14:10.166Z
suing,A,LEGAL / COURT / LAWYER,true,,347,2026-09-14T15:14:10.166Z,2026-09-14T15:14:10.166Z
summons,A,LEGAL / COURT / LAWYER,true,,348,2026-09-14T15:14:10.166Z,2026-09-14T15:14:10.166Z
summonses,A,LEGAL / COURT / LAWYER,true,,349,2026-09-14T15:14:10.166Z,2026-09-14T15:14:10.166Z
tribunal,A,LEGAL / COURT / LAWYER,true,,350,2026-09-14T15:14:10.166Z,2026-09-14T15:14:10.166Z
tribunals,A,LEGAL / COURT / LAWYER,true,,351,2026-09-14T15:14:10.166Z,2026-09-14T15:14:10.166Z
1 star review,A,MEDIA / PUBLIC EXPOSURE / REPUTATION,true,,352,2026-09-14T15:14:10.166Z,2026-09-14T15:14:10.166Z
1 star reviews,A,MEDIA / PUBLIC EXPOSURE / REPUTATION,true,,353,2026-09-14T15:14:10.166Z,2026-09-14T15:14:10.166Z
bad review,A,MEDIA / PUBLIC EXPOSURE / REPUTATION,true,,354,2026-09-14T15:14:10.166Z,2026-09-14T15:14:10.166Z
bad reviews,A,MEDIA / PUBLIC EXPOSURE / REPUTATION,true,,355,2026-09-14T15:14:10.166Z,2026-09-14T15:14:10.166Z
BBB complaint,A,MEDIA / PUBLIC EXPOSURE / REPUTATION,true,,356,2026-09-14T15:14:10.166Z,2026-09-14T15:14:10.166Z
BBB complaints,A,MEDIA / PUBLIC EXPOSURE / REPUTATION,true,,357,2026-09-14T15:14:10.166Z,2026-09-14T15:14:10.166Z
Better Business Bureau,A,MEDIA / PUBLIC EXPOSURE / REPUTATION,true,,358,2026-09-14T15:14:10.166Z,2026-09-14T15:14:10.166Z
contact a journalist,A,MEDIA / PUBLIC EXPOSURE / REPUTATION,true,,359,2026-09-14T15:14:10.166Z,2026-09-14T15:14:10.166Z
contact the media,A,MEDIA / PUBLIC EXPOSURE / REPUTATION,true,,360,2026-09-14T15:14:10.166Z,2026-09-14T15:14:10.166Z
contact the press,A,MEDIA / PUBLIC EXPOSURE / REPUTATION,true,,361,2026-09-14T15:14:10.166Z,2026-09-14T15:14:10.166Z
contacted a journalist,A,MEDIA / PUBLIC EXPOSURE / REPUTATION,true,,362,2026-09-14T15:14:10.166Z,2026-09-14T15:14:10.166Z
contacted the media,A,MEDIA / PUBLIC EXPOSURE / REPUTATION,true,,363,2026-09-14T15:14:10.166Z,2026-09-14T15:14:10.166Z
contacted the press,A,MEDIA / PUBLIC EXPOSURE / REPUTATION,true,,364,2026-09-14T15:14:10.166Z,2026-09-14T15:14:10.166Z
contacting a journalist,A,MEDIA / PUBLIC EXPOSURE / REPUTATION,true,,365,2026-09-14T15:14:10.166Z,2026-09-14T15:14:10.166Z
contacting the media,A,MEDIA / PUBLIC EXPOSURE / REPUTATION,true,,366,2026-09-14T15:14:10.166Z,2026-09-14T15:14:10.166Z
contacting the press,A,MEDIA / PUBLIC EXPOSURE / REPUTATION,true,,367,2026-09-14T15:14:10.166Z,2026-09-14T15:14:10.166Z
expose,A,MEDIA / PUBLIC EXPOSURE / REPUTATION,true,,368,2026-09-14T15:14:10.166Z,2026-09-14T15:14:10.166Z
exposed,A,MEDIA / PUBLIC EXPOSURE / REPUTATION,true,,369,2026-09-14T15:14:10.166Z,2026-09-14T15:14:10.166Z
exposes,A,MEDIA / PUBLIC EXPOSURE / REPUTATION,true,,370,2026-09-14T15:14:10.166Z,2026-09-14T15:14:10.166Z
exposing,A,MEDIA / PUBLIC EXPOSURE / REPUTATION,true,,371,2026-09-14T15:14:10.166Z,2026-09-14T15:14:10.166Z
go public,A,MEDIA / PUBLIC EXPOSURE / REPUTATION,true,,372,2026-09-14T15:14:10.166Z,2026-09-14T15:14:10.166Z
go viral,A,MEDIA / PUBLIC EXPOSURE / REPUTATION,true,,373,2026-09-14T15:14:10.166Z,2026-09-14T15:14:10.166Z
going public,A,MEDIA / PUBLIC EXPOSURE / REPUTATION,true,,374,2026-09-14T15:14:10.166Z,2026-09-14T15:14:10.166Z
going viral,A,MEDIA / PUBLIC EXPOSURE / REPUTATION,true,,375,2026-09-14T15:14:10.166Z,2026-09-14T15:14:10.166Z
journalist,A,MEDIA / PUBLIC EXPOSURE / REPUTATION,true,,376,2026-09-14T15:14:10.166Z,2026-09-14T15:14:10.166Z
journalists,A,MEDIA / PUBLIC EXPOSURE / REPUTATION,true,,377,2026-09-14T15:14:10.166Z,2026-09-14T15:14:10.166Z
make this public,A,MEDIA / PUBLIC EXPOSURE / REPUTATION,true,,378,2026-09-14T15:14:10.166Z,2026-09-14T15:14:10.166Z
make this viral,A,MEDIA / PUBLIC EXPOSURE / REPUTATION,true,,379,2026-09-14T15:14:10.166Z,2026-09-14T15:14:10.166Z
making this public,A,MEDIA / PUBLIC EXPOSURE / REPUTATION,true,,380,2026-09-14T15:14:10.166Z,2026-09-14T15:14:10.166Z
negative review,A,MEDIA / PUBLIC EXPOSURE / REPUTATION,true,,381,2026-09-14T15:14:10.166Z,2026-09-14T15:14:10.166Z
negative reviews,A,MEDIA / PUBLIC EXPOSURE / REPUTATION,true,,382,2026-09-14T15:14:10.166Z,2026-09-14T15:14:10.166Z
one star review,A,MEDIA / PUBLIC EXPOSURE / REPUTATION,true,,383,2026-09-14T15:14:10.166Z,2026-09-14T15:14:10.166Z
one star reviews,A,MEDIA / PUBLIC EXPOSURE / REPUTATION,true,,384,2026-09-14T15:14:10.166Z,2026-09-14T15:14:10.166Z
post this online,A,MEDIA / PUBLIC EXPOSURE / REPUTATION,true,,385,2026-09-14T15:14:10.166Z,2026-09-14T15:14:10.166Z
posting this online,A,MEDIA / PUBLIC EXPOSURE / REPUTATION,true,,386,2026-09-14T15:14:10.166Z,2026-09-14T15:14:10.166Z
publish this,A,MEDIA / PUBLIC EXPOSURE / REPUTATION,true,,387,2026-09-14T15:14:10.166Z,2026-09-14T15:14:10.166Z
publishing this,A,MEDIA / PUBLIC EXPOSURE / REPUTATION,true,,388,2026-09-14T15:14:10.166Z,2026-09-14T15:14:10.166Z
recorded the call,A,MEDIA / PUBLIC EXPOSURE / REPUTATION,true,,389,2026-09-14T15:14:10.166Z,2026-09-14T15:14:10.166Z
recording the call,A,MEDIA / PUBLIC EXPOSURE / REPUTATION,true,,390,2026-09-14T15:14:10.166Z,2026-09-14T15:14:10.166Z
reporter,A,MEDIA / PUBLIC EXPOSURE / REPUTATION,true,,391,2026-09-14T15:14:10.166Z,2026-09-14T15:14:10.166Z
reporters,A,MEDIA / PUBLIC EXPOSURE / REPUTATION,true,,392,2026-09-14T15:16:36.786Z,2026-09-14T15:16:36.786Z
send this to the media,A,MEDIA / PUBLIC EXPOSURE / REPUTATION,true,,393,2026-09-14T15:16:36.786Z,2026-09-14T15:16:36.786Z
send this to the press,A,MEDIA / PUBLIC EXPOSURE / REPUTATION,true,,394,2026-09-14T15:16:36.786Z,2026-09-14T15:16:36.786Z
share this publicly,A,MEDIA / PUBLIC EXPOSURE / REPUTATION,true,,395,2026-09-14T15:16:36.786Z,2026-09-14T15:16:36.786Z
sharing this publicly,A,MEDIA / PUBLIC EXPOSURE / REPUTATION,true,,396,2026-09-14T15:16:36.786Z,2026-09-14T15:16:36.786Z
Trustpilot review,A,MEDIA / PUBLIC EXPOSURE / REPUTATION,true,,397,2026-09-14T15:16:36.786Z,2026-09-14T15:16:36.786Z
Trustpilot reviews,A,MEDIA / PUBLIC EXPOSURE / REPUTATION,true,,398,2026-09-14T15:16:36.786Z,2026-09-14T15:16:36.786Z
cop,A,POLICE / LAW ENFORCEMENT,true,,399,2026-09-14T15:16:36.786Z,2026-09-14T15:16:36.786Z
cops,A,POLICE / LAW ENFORCEMENT,true,,400,2026-09-14T15:16:36.786Z,2026-09-14T15:16:36.786Z
criminal charges,A,POLICE / LAW ENFORCEMENT,true,,401,2026-09-14T15:16:36.786Z,2026-09-14T15:16:36.786Z
criminal complaint,A,POLICE / LAW ENFORCEMENT,true,,402,2026-09-14T15:16:36.786Z,2026-09-14T15:16:36.786Z
criminal complaints,A,POLICE / LAW ENFORCEMENT,true,,403,2026-09-14T15:16:36.786Z,2026-09-14T15:16:36.786Z
criminal investigation,A,POLICE / LAW ENFORCEMENT,true,,404,2026-09-14T15:16:36.786Z,2026-09-14T15:16:36.786Z
criminal investigations,A,POLICE / LAW ENFORCEMENT,true,,405,2026-09-14T15:16:36.786Z,2026-09-14T15:16:36.786Z
cybercrime,A,POLICE / LAW ENFORCEMENT,true,,406,2026-09-14T15:16:36.786Z,2026-09-14T15:16:36.786Z
detective,A,POLICE / LAW ENFORCEMENT,true,,407,2026-09-14T15:16:36.786Z,2026-09-14T15:16:36.786Z
detectives,A,POLICE / LAW ENFORCEMENT,true,,408,2026-09-14T15:16:36.786Z,2026-09-14T15:16:36.786Z
Europol,A,POLICE / LAW ENFORCEMENT,true,,409,2026-09-14T15:16:36.786Z,2026-09-14T15:16:36.786Z
Interpol,A,POLICE / LAW ENFORCEMENT,true,,410,2026-09-14T15:16:36.786Z,2026-09-14T15:16:36.786Z
law enforcement,A,POLICE / LAW ENFORCEMENT,true,,411,2026-09-14T15:16:36.786Z,2026-09-14T15:16:36.786Z
police,A,POLICE / LAW ENFORCEMENT,true,,412,2026-09-14T15:16:36.786Z,2026-09-14T15:16:36.786Z
police report,A,POLICE / LAW ENFORCEMENT,true,,413,2026-09-14T15:16:36.786Z,2026-09-14T15:16:36.786Z
police reports,A,POLICE / LAW ENFORCEMENT,true,,414,2026-09-14T15:16:36.786Z,2026-09-14T15:16:36.786Z
Advertising Standards Authority,A,REGULATOR / GOVERNMENT / AUTHORITIES,true,,415,2026-09-14T15:16:36.786Z,2026-09-14T15:16:36.786Z
Attorney General,A,REGULATOR / GOVERNMENT / AUTHORITIES,true,,416,2026-09-14T15:16:36.786Z,2026-09-14T15:16:36.786Z
authorities,A,REGULATOR / GOVERNMENT / AUTHORITIES,true,,417,2026-09-14T15:16:36.786Z,2026-09-14T15:16:36.786Z
authority,A,REGULATOR / GOVERNMENT / AUTHORITIES,true,,418,2026-09-14T15:16:36.786Z,2026-09-14T15:16:36.786Z
CFPB,A,REGULATOR / GOVERNMENT / AUTHORITIES,true,,419,2026-09-14T15:16:36.786Z,2026-09-14T15:16:36.786Z
CMA,A,REGULATOR / GOVERNMENT / AUTHORITIES,true,,420,2026-09-14T15:16:36.786Z,2026-09-14T15:16:36.786Z
Competition and Markets Authority,A,REGULATOR / GOVERNMENT / AUTHORITIES,true,,421,2026-09-14T15:16:36.786Z,2026-09-14T15:16:36.786Z
consumer affairs,A,REGULATOR / GOVERNMENT / AUTHORITIES,true,,422,2026-09-14T15:16:36.786Z,2026-09-14T15:16:36.786Z
Consumer Financial Protection Bureau,A,REGULATOR / GOVERNMENT / AUTHORITIES,true,,423,2026-09-14T15:16:36.786Z,2026-09-14T15:16:36.786Z
consumer regulator,A,REGULATOR / GOVERNMENT / AUTHORITIES,true,,424,2026-09-14T15:16:36.786Z,2026-09-14T15:16:36.786Z
consumer regulators,A,REGULATOR / GOVERNMENT / AUTHORITIES,true,,425,2026-09-14T15:16:36.786Z,2026-09-14T15:16:36.786Z
data protection authority,A,REGULATOR / GOVERNMENT / AUTHORITIES,true,,426,2026-09-14T15:16:36.786Z,2026-09-14T15:16:36.786Z
Department of Justice,A,REGULATOR / GOVERNMENT / AUTHORITIES,true,,427,2026-09-14T15:16:36.786Z,2026-09-14T15:16:36.786Z
DOJ,A,REGULATOR / GOVERNMENT / AUTHORITIES,true,,428,2026-09-14T15:16:36.786Z,2026-09-14T15:16:36.786Z
ECC,A,REGULATOR / GOVERNMENT / AUTHORITIES,true,,429,2026-09-14T15:16:36.786Z,2026-09-14T15:16:36.786Z
European Commission,A,REGULATOR / GOVERNMENT / AUTHORITIES,true,,430,2026-09-14T15:16:36.786Z,2026-09-14T15:16:36.786Z
European Consumer Center,A,REGULATOR / GOVERNMENT / AUTHORITIES,true,,431,2026-09-14T15:16:36.786Z,2026-09-14T15:16:36.786Z
European Consumer Centre,A,REGULATOR / GOVERNMENT / AUTHORITIES,true,,432,2026-09-14T15:16:36.786Z,2026-09-14T15:16:36.786Z
FBI,A,REGULATOR / GOVERNMENT / AUTHORITIES,true,,433,2026-09-14T15:16:36.786Z,2026-09-14T15:16:36.786Z
FCC,A,REGULATOR / GOVERNMENT / AUTHORITIES,true,,434,2026-09-14T15:16:36.786Z,2026-09-14T15:16:36.786Z
Federal Trade Commission,A,REGULATOR / GOVERNMENT / AUTHORITIES,true,,435,2026-09-14T15:16:36.786Z,2026-09-14T15:16:36.786Z
financial ombudsman,A,REGULATOR / GOVERNMENT / AUTHORITIES,true,,436,2026-09-14T15:16:36.786Z,2026-09-14T15:16:36.786Z
financial regulator,A,REGULATOR / GOVERNMENT / AUTHORITIES,true,,437,2026-09-14T15:16:36.786Z,2026-09-14T15:16:36.786Z
financial regulators,A,REGULATOR / GOVERNMENT / AUTHORITIES,true,,438,2026-09-14T15:16:36.786Z,2026-09-14T15:16:36.786Z
FTC,A,REGULATOR / GOVERNMENT / AUTHORITIES,true,,439,2026-09-14T15:16:36.786Z,2026-09-14T15:16:36.786Z
IC3,A,REGULATOR / GOVERNMENT / AUTHORITIES,true,,440,2026-09-14T15:16:36.786Z,2026-09-14T15:16:36.786Z
ICO,A,REGULATOR / GOVERNMENT / AUTHORITIES,true,,441,2026-09-14T15:16:36.786Z,2026-09-14T15:16:36.786Z
Information Commissioner,A,REGULATOR / GOVERNMENT / AUTHORITIES,true,,442,2026-09-14T15:16:36.786Z,2026-09-14T15:16:36.786Z
Information Commissioners,A,REGULATOR / GOVERNMENT / AUTHORITIES,true,,443,2026-09-14T15:16:36.786Z,2026-09-14T15:16:36.786Z
ombudsman,A,REGULATOR / GOVERNMENT / AUTHORITIES,true,,444,2026-09-14T15:16:36.786Z,2026-09-14T15:16:36.786Z
ombudsmen,A,REGULATOR / GOVERNMENT / AUTHORITIES,true,,445,2026-09-14T15:16:36.786Z,2026-09-14T15:16:36.786Z
regulator,A,REGULATOR / GOVERNMENT / AUTHORITIES,true,,446,2026-09-14T15:16:36.786Z,2026-09-14T15:16:36.786Z
regulators,A,REGULATOR / GOVERNMENT / AUTHORITIES,true,,447,2026-09-14T15:16:36.786Z,2026-09-14T15:16:36.786Z
regulatory,A,REGULATOR / GOVERNMENT / AUTHORITIES,true,,448,2026-09-14T15:16:36.786Z,2026-09-14T15:16:36.786Z
SEC,A,REGULATOR / GOVERNMENT / AUTHORITIES,true,,449,2026-09-14T15:16:36.786Z,2026-09-14T15:16:36.786Z
Trading Standards,A,REGULATOR / GOVERNMENT / AUTHORITIES,true,,450,2026-09-14T15:16:36.786Z,2026-09-14T15:16:36.786Z
watchdog,A,REGULATOR / GOVERNMENT / AUTHORITIES,true,,451,2026-09-14T15:16:36.786Z,2026-09-14T15:16:36.786Z
watchdogs,A,REGULATOR / GOVERNMENT / AUTHORITIES,true,,452,2026-09-14T15:16:36.786Z,2026-09-14T15:16:36.786Z
by tomorrow or,A,ULTIMATUMS / DEADLINES,true,,453,2026-09-14T15:16:36.786Z,2026-09-14T15:16:36.786Z
final chance,A,ULTIMATUMS / DEADLINES,true,,454,2026-09-14T15:16:36.786Z,2026-09-14T15:16:36.786Z
if I do not get my refund,A,ULTIMATUMS / DEADLINES,true,,455,2026-09-14T15:16:36.786Z,2026-09-14T15:16:36.786Z
if I don't get my refund,A,ULTIMATUMS / DEADLINES,true,,456,2026-09-14T15:16:36.786Z,2026-09-14T15:16:36.786Z
if this is not fixed,A,ULTIMATUMS / DEADLINES,true,,457,2026-09-14T15:16:36.786Z,2026-09-14T15:16:36.786Z
if this is not resolved,A,ULTIMATUMS / DEADLINES,true,,458,2026-09-14T15:16:36.786Z,2026-09-14T15:16:36.786Z
if this isn't fixed,A,ULTIMATUMS / DEADLINES,true,,459,2026-09-14T15:16:36.786Z,2026-09-14T15:16:36.786Z
if this isn't resolved,A,ULTIMATUMS / DEADLINES,true,,460,2026-09-14T15:16:36.786Z,2026-09-14T15:16:36.786Z
last chance,A,ULTIMATUMS / DEADLINES,true,,461,2026-09-14T15:16:36.786Z,2026-09-14T15:16:36.786Z
otherwise I'll,A,ULTIMATUMS / DEADLINES,true,,462,2026-09-14T15:16:36.786Z,2026-09-14T15:16:36.786Z
otherwise I will,A,ULTIMATUMS / DEADLINES,true,,463,2026-09-14T15:16:36.786Z,2026-09-14T15:16:36.786Z
you have 24 hours,A,ULTIMATUMS / DEADLINES,true,,464,2026-09-14T15:16:36.786Z,2026-09-14T15:16:36.786Z
you have 48 hours,A,ULTIMATUMS / DEADLINES,true,,465,2026-09-14T15:16:36.786Z,2026-09-14T15:16:36.786Z
you have 72 hours,A,ULTIMATUMS / DEADLINES,true,,466,2026-09-14T15:16:36.786Z,2026-09-14T15:16:36.786Z
you have one day,A,ULTIMATUMS / DEADLINES,true,,467,2026-09-14T15:16:36.786Z,2026-09-14T15:16:36.786Z
you have three days,A,ULTIMATUMS / DEADLINES,true,,468,2026-09-14T15:16:36.786Z,2026-09-14T15:16:36.786Z
you have two days,A,ULTIMATUMS / DEADLINES,true,,469,2026-09-14T15:16:36.786Z,2026-09-14T15:16:36.786Z
account compromised,B,ACCOUNT / PAYMENT SECURITY,true,,470,2026-09-14T15:16:36.786Z,2026-09-14T15:16:36.786Z
account hacked,B,ACCOUNT / PAYMENT SECURITY,true,,471,2026-09-14T15:16:36.786Z,2026-09-14T15:16:36.786Z
bank account compromised,B,ACCOUNT / PAYMENT SECURITY,true,,472,2026-09-14T15:16:36.786Z,2026-09-14T15:16:36.786Z
card compromised,B,ACCOUNT / PAYMENT SECURITY,true,,473,2026-09-14T15:16:36.786Z,2026-09-14T15:16:36.786Z
credit card compromised,B,ACCOUNT / PAYMENT SECURITY,true,,474,2026-09-14T15:16:36.786Z,2026-09-14T15:16:36.786Z
debit card compromised,B,ACCOUNT / PAYMENT SECURITY,true,,475,2026-09-14T15:16:36.786Z,2026-09-14T15:16:36.786Z
identity theft,B,ACCOUNT / PAYMENT SECURITY,true,,476,2026-09-14T15:16:36.786Z,2026-09-14T15:16:36.786Z
someone used my account,B,ACCOUNT / PAYMENT SECURITY,true,,477,2026-09-14T15:16:36.786Z,2026-09-14T15:16:36.786Z
someone used my card,B,ACCOUNT / PAYMENT SECURITY,true,,478,2026-09-14T15:16:36.786Z,2026-09-14T15:16:36.786Z
someone used my payment method,B,ACCOUNT / PAYMENT SECURITY,true,,479,2026-09-14T15:16:36.786Z,2026-09-14T15:16:36.786Z
stolen card,B,ACCOUNT / PAYMENT SECURITY,true,,480,2026-09-14T15:16:36.786Z,2026-09-14T15:16:36.786Z
stolen credit card,B,ACCOUNT / PAYMENT SECURITY,true,,481,2026-09-14T15:16:36.786Z,2026-09-14T15:16:36.786Z
stolen debit card,B,ACCOUNT / PAYMENT SECURITY,true,,482,2026-09-14T15:16:36.786Z,2026-09-14T15:16:36.786Z
unauthorised access,B,ACCOUNT / PAYMENT SECURITY,true,,483,2026-09-14T15:16:36.786Z,2026-09-14T15:16:36.786Z
unauthorized access,B,ACCOUNT / PAYMENT SECURITY,true,,484,2026-09-14T15:16:36.786Z,2026-09-14T15:16:36.786Z
already canceled,B,CANCELLATION / SUBSCRIPTION DISPUTES,true,,485,2026-09-14T15:16:36.786Z,2026-09-14T15:16:36.786Z
already cancelled,B,CANCELLATION / SUBSCRIPTION DISPUTES,true,,486,2026-09-14T15:16:36.786Z,2026-09-14T15:16:36.786Z
canceled before,B,CANCELLATION / SUBSCRIPTION DISPUTES,true,,487,2026-09-14T15:16:36.786Z,2026-09-14T15:16:36.786Z
cancelled before,B,CANCELLATION / SUBSCRIPTION DISPUTES,true,,488,2026-09-14T15:16:36.786Z,2026-09-14T15:16:36.786Z
charged after canceling,B,CANCELLATION / SUBSCRIPTION DISPUTES,true,,489,2026-09-14T15:16:36.786Z,2026-09-14T15:16:36.786Z
charged after cancellation,B,CANCELLATION / SUBSCRIPTION DISPUTES,true,,490,2026-09-14T15:16:36.786Z,2026-09-14T15:16:36.786Z
charged after cancelling,B,CANCELLATION / SUBSCRIPTION DISPUTES,true,,491,2026-09-14T15:16:36.786Z,2026-09-14T15:16:36.786Z
charged after I canceled,B,CANCELLATION / SUBSCRIPTION DISPUTES,true,,492,2026-09-14T15:16:36.786Z,2026-09-14T15:16:36.786Z
charged after I cancelled,B,CANCELLATION / SUBSCRIPTION DISPUTES,true,,493,2026-09-14T15:16:36.786Z,2026-09-14T15:16:36.786Z
charged after trial,B,CANCELLATION / SUBSCRIPTION DISPUTES,true,,494,2026-09-14T15:16:36.786Z,2026-09-14T15:16:36.786Z
did not authorise,B,CANCELLATION / SUBSCRIPTION DISPUTES,true,,495,2026-09-14T15:16:36.786Z,2026-09-14T15:16:36.786Z
did not authorize,B,CANCELLATION / SUBSCRIPTION DISPUTES,true,,496,2026-09-14T15:16:36.786Z,2026-09-14T15:16:36.786Z
did not sign up,B,CANCELLATION / SUBSCRIPTION DISPUTES,true,,497,2026-09-14T15:16:36.786Z,2026-09-14T15:16:36.786Z
did not subscribe,B,CANCELLATION / SUBSCRIPTION DISPUTES,true,,498,2026-09-14T15:16:36.786Z,2026-09-14T15:16:36.786Z
didn't authorise,B,CANCELLATION / SUBSCRIPTION DISPUTES,true,,499,2026-09-14T15:16:36.786Z,2026-09-14T15:16:36.786Z
didn't authorize,B,CANCELLATION / SUBSCRIPTION DISPUTES,true,,500,2026-09-14T15:16:36.786Z,2026-09-14T15:16:36.786Z
didn't sign up,B,CANCELLATION / SUBSCRIPTION DISPUTES,true,,501,2026-09-14T15:16:36.786Z,2026-09-14T15:16:36.786Z
didn't subscribe,B,CANCELLATION / SUBSCRIPTION DISPUTES,true,,502,2026-09-14T15:16:36.786Z,2026-09-14T15:16:36.786Z
hidden charge,B,CANCELLATION / SUBSCRIPTION DISPUTES,true,,503,2026-09-14T15:16:36.786Z,2026-09-14T15:16:36.786Z
hidden charges,B,CANCELLATION / SUBSCRIPTION DISPUTES,true,,504,2026-09-14T15:16:36.786Z,2026-09-14T15:16:36.786Z
hidden fee,B,CANCELLATION / SUBSCRIPTION DISPUTES,true,,505,2026-09-14T15:16:36.786Z,2026-09-14T15:16:36.786Z
hidden fees,B,CANCELLATION / SUBSCRIPTION DISPUTES,true,,506,2026-09-14T15:16:36.786Z,2026-09-14T15:16:36.786Z
hidden subscription,B,CANCELLATION / SUBSCRIPTION DISPUTES,true,,507,2026-09-14T15:16:36.786Z,2026-09-14T15:16:36.786Z
hidden subscriptions,B,CANCELLATION / SUBSCRIPTION DISPUTES,true,,508,2026-09-14T15:16:36.786Z,2026-09-14T15:16:36.786Z
misleading subscription,B,CANCELLATION / SUBSCRIPTION DISPUTES,true,,509,2026-09-14T15:16:36.786Z,2026-09-14T15:16:36.786Z
misleading subscriptions,B,CANCELLATION / SUBSCRIPTION DISPUTES,true,,510,2026-09-14T15:16:36.786Z,2026-09-14T15:16:36.786Z
never agreed,B,CANCELLATION / SUBSCRIPTION DISPUTES,true,,511,2026-09-14T15:16:36.786Z,2026-09-14T15:16:36.786Z
never authorised,B,CANCELLATION / SUBSCRIPTION DISPUTES,true,,512,2026-09-14T15:16:36.786Z,2026-09-14T15:16:36.786Z
never authorized,B,CANCELLATION / SUBSCRIPTION DISPUTES,true,,513,2026-09-14T15:16:36.786Z,2026-09-14T15:16:36.786Z
never consented,B,CANCELLATION / SUBSCRIPTION DISPUTES,true,,514,2026-09-14T15:16:36.786Z,2026-09-14T15:16:36.786Z
never signed up,B,CANCELLATION / SUBSCRIPTION DISPUTES,true,,515,2026-09-14T15:16:36.786Z,2026-09-14T15:16:36.786Z
never subscribed,B,CANCELLATION / SUBSCRIPTION DISPUTES,true,,516,2026-09-14T15:16:36.786Z,2026-09-14T15:16:36.786Z
subscription trap,B,CANCELLATION / SUBSCRIPTION DISPUTES,true,,517,2026-09-14T15:16:36.786Z,2026-09-14T15:16:36.786Z
subscription traps,B,CANCELLATION / SUBSCRIPTION DISPUTES,true,,518,2026-09-14T15:16:36.786Z,2026-09-14T15:16:36.786Z
unauthorised charge,B,CANCELLATION / SUBSCRIPTION DISPUTES,true,,519,2026-09-14T15:16:36.786Z,2026-09-14T15:16:36.786Z
unauthorised charges,B,CANCELLATION / SUBSCRIPTION DISPUTES,true,,520,2026-09-14T15:16:36.786Z,2026-09-14T15:16:36.786Z
unauthorized charge,B,CANCELLATION / SUBSCRIPTION DISPUTES,true,,521,2026-09-14T15:16:36.786Z,2026-09-14T15:16:36.786Z
unauthorized charges,B,CANCELLATION / SUBSCRIPTION DISPUTES,true,,522,2026-09-14T15:16:36.786Z,2026-09-14T15:16:36.786Z
unexpected renewal,B,CANCELLATION / SUBSCRIPTION DISPUTES,true,,523,2026-09-14T15:16:36.791Z,2026-09-14T15:16:36.791Z
unexpected renewals,B,CANCELLATION / SUBSCRIPTION DISPUTES,true,,524,2026-09-14T15:16:36.791Z,2026-09-14T15:16:36.791Z
without permission,B,CANCELLATION / SUBSCRIPTION DISPUTES,true,,525,2026-09-14T15:16:36.791Z,2026-09-14T15:16:36.791Z
blackmail,B,FRAUD / SCAM / CRIME,true,,526,2026-09-14T15:16:36.791Z,2026-09-14T15:16:36.791Z
blackmailed,B,FRAUD / SCAM / CRIME,true,,527,2026-09-14T15:16:36.791Z,2026-09-14T15:16:36.791Z
blackmailing,B,FRAUD / SCAM / CRIME,true,,528,2026-09-14T15:16:36.791Z,2026-09-14T15:16:36.791Z
blackmails,B,FRAUD / SCAM / CRIME,true,,529,2026-09-14T15:16:36.791Z,2026-09-14T15:16:36.791Z
con artist,B,FRAUD / SCAM / CRIME,true,,530,2026-09-14T15:16:36.791Z,2026-09-14T15:16:36.791Z
con artists,B,FRAUD / SCAM / CRIME,true,,531,2026-09-14T15:16:36.791Z,2026-09-14T15:16:36.791Z
crime,B,FRAUD / SCAM / CRIME,true,,532,2026-09-14T15:16:36.791Z,2026-09-14T15:16:36.791Z
crimes,B,FRAUD / SCAM / CRIME,true,,533,2026-09-14T15:16:36.791Z,2026-09-14T15:16:36.791Z
criminal,B,FRAUD / SCAM / CRIME,true,,534,2026-09-14T15:16:36.791Z,2026-09-14T15:16:36.791Z
criminals,B,FRAUD / SCAM / CRIME,true,,535,2026-09-14T15:16:36.791Z,2026-09-14T15:16:36.791Z
crook,B,FRAUD / SCAM / CRIME,true,,536,2026-09-14T15:16:36.791Z,2026-09-14T15:16:36.791Z
crooks,B,FRAUD / SCAM / CRIME,true,,537,2026-09-14T15:16:36.791Z,2026-09-14T15:16:36.791Z
extort,B,FRAUD / SCAM / CRIME,true,,538,2026-09-14T15:16:36.791Z,2026-09-14T15:16:36.791Z
extorted,B,FRAUD / SCAM / CRIME,true,,539,2026-09-14T15:16:36.791Z,2026-09-14T15:16:36.791Z
extorting,B,FRAUD / SCAM / CRIME,true,,540,2026-09-14T15:16:36.791Z,2026-09-14T15:16:36.791Z
extortion,B,FRAUD / SCAM / CRIME,true,,541,2026-09-14T15:16:36.791Z,2026-09-14T15:16:36.791Z
extorts,B,FRAUD / SCAM / CRIME,true,,542,2026-09-14T15:16:36.791Z,2026-09-14T15:16:36.791Z
fraud,B,FRAUD / SCAM / CRIME,true,,543,2026-09-14T15:16:36.791Z,2026-09-14T15:16:36.791Z
frauds,B,FRAUD / SCAM / CRIME,true,,544,2026-09-14T15:16:36.791Z,2026-09-14T15:16:36.791Z
fraudster,B,FRAUD / SCAM / CRIME,true,,545,2026-09-14T15:16:36.791Z,2026-09-14T15:16:36.791Z
fraudsters,B,FRAUD / SCAM / CRIME,true,,546,2026-09-14T15:16:36.791Z,2026-09-14T15:16:36.791Z
fraudulent,B,FRAUD / SCAM / CRIME,true,,547,2026-09-14T15:16:36.791Z,2026-09-14T15:16:36.791Z
hack,B,FRAUD / SCAM / CRIME,true,,548,2026-09-14T15:16:36.791Z,2026-09-14T15:16:36.791Z
hacked,B,FRAUD / SCAM / CRIME,true,,549,2026-09-14T15:16:36.791Z,2026-09-14T15:16:36.791Z
hacker,B,FRAUD / SCAM / CRIME,true,,550,2026-09-14T15:16:36.791Z,2026-09-14T15:16:36.791Z
hackers,B,FRAUD / SCAM / CRIME,true,,551,2026-09-14T15:16:36.791Z,2026-09-14T15:16:36.791Z
hacking,B,FRAUD / SCAM / CRIME,true,,552,2026-09-14T15:16:36.791Z,2026-09-14T15:16:36.791Z
hacks,B,FRAUD / SCAM / CRIME,true,,553,2026-09-14T15:16:36.791Z,2026-09-14T15:16:36.791Z
identity fraud,B,FRAUD / SCAM / CRIME,true,,554,2026-09-14T15:16:36.791Z,2026-09-14T15:16:36.791Z
internet fraud,B,FRAUD / SCAM / CRIME,true,,555,2026-09-14T15:16:36.791Z,2026-09-14T15:16:36.791Z
money laundering,B,FRAUD / SCAM / CRIME,true,,556,2026-09-14T15:16:36.791Z,2026-09-14T15:16:36.791Z
phishing,B,FRAUD / SCAM / CRIME,true,,557,2026-09-14T15:16:36.791Z,2026-09-14T15:16:36.791Z
ransom,B,FRAUD / SCAM / CRIME,true,,558,2026-09-14T15:16:36.791Z,2026-09-14T15:16:36.791Z
ransoms,B,FRAUD / SCAM / CRIME,true,,559,2026-09-14T15:16:36.791Z,2026-09-14T15:16:36.791Z
rip-off,B,FRAUD / SCAM / CRIME,true,,560,2026-09-14T15:16:36.791Z,2026-09-14T15:16:36.791Z
rip-offs,B,FRAUD / SCAM / CRIME,true,,561,2026-09-14T15:16:36.791Z,2026-09-14T15:16:36.791Z
ripoff,B,FRAUD / SCAM / CRIME,true,,562,2026-09-14T15:16:36.791Z,2026-09-14T15:16:36.791Z
ripoffs,B,FRAUD / SCAM / CRIME,true,,563,2026-09-14T15:16:36.791Z,2026-09-14T15:16:36.791Z
ripped off,B,FRAUD / SCAM / CRIME,true,,564,2026-09-14T15:16:36.791Z,2026-09-14T15:16:36.791Z
robbed,B,FRAUD / SCAM / CRIME,true,,565,2026-09-14T15:16:36.791Z,2026-09-14T15:16:36.791Z
robber,B,FRAUD / SCAM / CRIME,true,,566,2026-09-14T15:16:36.791Z,2026-09-14T15:16:36.791Z
robberies,B,FRAUD / SCAM / CRIME,true,,567,2026-09-14T15:16:36.791Z,2026-09-14T15:16:36.791Z
robbers,B,FRAUD / SCAM / CRIME,true,,568,2026-09-14T15:16:36.791Z,2026-09-14T15:16:36.791Z
robbery,B,FRAUD / SCAM / CRIME,true,,569,2026-09-14T15:16:36.791Z,2026-09-14T15:16:36.791Z
scam,B,FRAUD / SCAM / CRIME,true,,570,2026-09-14T15:16:36.791Z,2026-09-14T15:16:36.791Z
scammed,B,FRAUD / SCAM / CRIME,true,,571,2026-09-14T15:16:36.791Z,2026-09-14T15:16:36.791Z
scammer,B,FRAUD / SCAM / CRIME,true,,572,2026-09-14T15:16:36.791Z,2026-09-14T15:16:36.791Z
scammers,B,FRAUD / SCAM / CRIME,true,,573,2026-09-14T15:16:36.791Z,2026-09-14T15:16:36.791Z
scamming,B,FRAUD / SCAM / CRIME,true,,574,2026-09-14T15:16:36.791Z,2026-09-14T15:16:36.791Z
scams,B,FRAUD / SCAM / CRIME,true,,575,2026-09-14T15:16:36.791Z,2026-09-14T15:16:36.791Z
steal,B,FRAUD / SCAM / CRIME,true,,576,2026-09-14T15:16:36.791Z,2026-09-14T15:16:36.791Z
stealing,B,FRAUD / SCAM / CRIME,true,,577,2026-09-14T15:16:36.791Z,2026-09-14T15:16:36.791Z
steals,B,FRAUD / SCAM / CRIME,true,,578,2026-09-14T15:16:36.791Z,2026-09-14T15:16:36.791Z
stole,B,FRAUD / SCAM / CRIME,true,,579,2026-09-14T15:16:36.791Z,2026-09-14T15:16:36.791Z
stolen,B,FRAUD / SCAM / CRIME,true,,580,2026-09-14T15:16:36.791Z,2026-09-14T15:16:36.791Z
theft,B,FRAUD / SCAM / CRIME,true,,581,2026-09-14T15:16:36.791Z,2026-09-14T15:16:36.791Z
thefts,B,FRAUD / SCAM / CRIME,true,,582,2026-09-14T15:16:36.791Z,2026-09-14T15:16:36.791Z
thief,B,FRAUD / SCAM / CRIME,true,,583,2026-09-14T15:16:36.791Z,2026-09-14T15:16:36.791Z
thieves,B,FRAUD / SCAM / CRIME,true,,584,2026-09-14T15:16:36.791Z,2026-09-14T15:16:36.791Z
wire fraud,B,FRAUD / SCAM / CRIME,true,,585,2026-09-14T15:16:36.791Z,2026-09-14T15:16:36.791Z
automated replies,B,HUMAN / MANAGER ESCALATION,true,,586,2026-09-14T15:16:36.791Z,2026-09-14T15:16:36.791Z
automated reply,B,HUMAN / MANAGER ESCALATION,true,,587,2026-09-14T15:16:36.791Z,2026-09-14T15:16:36.791Z
automated response,B,HUMAN / MANAGER ESCALATION,true,,588,2026-09-14T15:16:36.791Z,2026-09-14T15:16:36.791Z
automated responses,B,HUMAN / MANAGER ESCALATION,true,,589,2026-09-14T15:16:36.791Z,2026-09-14T15:16:36.791Z
complaints department,B,HUMAN / MANAGER ESCALATION,true,,590,2026-09-14T15:16:36.791Z,2026-09-14T15:16:36.791Z
compliance department,B,HUMAN / MANAGER ESCALATION,true,,591,2026-09-14T15:16:36.791Z,2026-09-14T15:16:36.791Z
escalate,B,HUMAN / MANAGER ESCALATION,true,,592,2026-09-14T15:16:36.791Z,2026-09-14T15:16:36.791Z
escalated,B,HUMAN / MANAGER ESCALATION,true,,593,2026-09-14T15:16:36.791Z,2026-09-14T15:16:36.791Z
escalates,B,HUMAN / MANAGER ESCALATION,true,,594,2026-09-14T15:16:36.791Z,2026-09-14T15:16:36.791Z
escalating,B,HUMAN / MANAGER ESCALATION,true,,595,2026-09-14T15:16:36.791Z,2026-09-14T15:16:36.791Z
escalation,B,HUMAN / MANAGER ESCALATION,true,,596,2026-09-14T15:16:36.791Z,2026-09-14T15:16:36.791Z
escalations,B,HUMAN / MANAGER ESCALATION,true,,597,2026-09-14T15:16:36.791Z,2026-09-14T15:16:36.791Z
human agent,B,HUMAN / MANAGER ESCALATION,true,,598,2026-09-14T15:16:36.791Z,2026-09-14T15:16:36.791Z
live agent,B,HUMAN / MANAGER ESCALATION,true,,599,2026-09-14T15:16:36.791Z,2026-09-14T15:16:36.791Z
real human,B,HUMAN / MANAGER ESCALATION,true,,600,2026-09-14T15:16:36.791Z,2026-09-14T15:16:36.791Z
real person,B,HUMAN / MANAGER ESCALATION,true,,601,2026-09-14T15:16:36.791Z,2026-09-14T15:16:36.791Z
speak to a human,B,HUMAN / MANAGER ESCALATION,true,,602,2026-09-14T15:16:36.791Z,2026-09-14T15:16:36.791Z
speak to a manager,B,HUMAN / MANAGER ESCALATION,true,,603,2026-09-14T15:16:36.791Z,2026-09-14T15:16:36.791Z
speak to an agent,B,HUMAN / MANAGER ESCALATION,true,,604,2026-09-14T15:16:36.791Z,2026-09-14T15:16:36.791Z
speak to your manager,B,HUMAN / MANAGER ESCALATION,true,,605,2026-09-14T15:16:36.791Z,2026-09-14T15:16:36.791Z
speak with a human,B,HUMAN / MANAGER ESCALATION,true,,606,2026-09-14T15:16:36.791Z,2026-09-14T15:16:36.791Z
speak with a manager,B,HUMAN / MANAGER ESCALATION,true,,607,2026-09-14T15:16:36.791Z,2026-09-14T15:16:36.791Z
speak with an agent,B,HUMAN / MANAGER ESCALATION,true,,608,2026-09-14T15:16:36.791Z,2026-09-14T15:16:36.791Z
stop automation,B,HUMAN / MANAGER ESCALATION,true,,609,2026-09-14T15:16:36.791Z,2026-09-14T15:16:36.791Z
stop the bot,B,HUMAN / MANAGER ESCALATION,true,,610,2026-09-14T15:16:36.791Z,2026-09-14T15:16:36.791Z
supervisor,B,HUMAN / MANAGER ESCALATION,true,,611,2026-09-14T15:16:36.791Z,2026-09-14T15:16:36.791Z
supervisors,B,HUMAN / MANAGER ESCALATION,true,,612,2026-09-14T15:16:36.791Z,2026-09-14T15:16:36.791Z
talk to a human,B,HUMAN / MANAGER ESCALATION,true,,613,2026-09-14T15:16:36.791Z,2026-09-14T15:16:36.791Z
talk to a manager,B,HUMAN / MANAGER ESCALATION,true,,614,2026-09-14T15:16:36.791Z,2026-09-14T15:16:36.791Z
talk to an agent,B,HUMAN / MANAGER ESCALATION,true,,615,2026-09-14T15:16:36.791Z,2026-09-14T15:16:36.791Z
talk to your manager,B,HUMAN / MANAGER ESCALATION,true,,616,2026-09-14T15:16:36.791Z,2026-09-14T15:16:36.791Z
talk with a human,B,HUMAN / MANAGER ESCALATION,true,,617,2026-09-14T15:16:36.791Z,2026-09-14T15:16:36.791Z
talk with a manager,B,HUMAN / MANAGER ESCALATION,true,,618,2026-09-14T15:16:36.791Z,2026-09-14T15:16:36.791Z
talk with an agent,B,HUMAN / MANAGER ESCALATION,true,,619,2026-09-14T15:16:36.791Z,2026-09-14T15:16:36.791Z
charged again,B,MULTIPLE / DUPLICATE CHARGES,true,,620,2026-09-14T15:16:36.791Z,2026-09-14T15:16:36.791Z
charged multiple times,B,MULTIPLE / DUPLICATE CHARGES,true,,621,2026-09-14T15:16:36.791Z,2026-09-14T15:16:36.791Z
charged several times,B,MULTIPLE / DUPLICATE CHARGES,true,,622,2026-09-14T15:16:36.791Z,2026-09-14T15:16:36.791Z
charged twice,B,MULTIPLE / DUPLICATE CHARGES,true,,623,2026-09-14T15:16:36.791Z,2026-09-14T15:16:36.791Z
double charge,B,MULTIPLE / DUPLICATE CHARGES,true,,624,2026-09-14T15:16:36.791Z,2026-09-14T15:16:36.791Z
double charged,B,MULTIPLE / DUPLICATE CHARGES,true,,625,2026-09-14T15:16:36.791Z,2026-09-14T15:16:36.791Z
double charges,B,MULTIPLE / DUPLICATE CHARGES,true,,626,2026-09-14T15:16:36.791Z,2026-09-14T15:16:36.791Z
duplicate charge,B,MULTIPLE / DUPLICATE CHARGES,true,,627,2026-09-14T15:16:36.791Z,2026-09-14T15:16:36.791Z
duplicate charges,B,MULTIPLE / DUPLICATE CHARGES,true,,628,2026-09-14T15:16:36.791Z,2026-09-14T15:16:36.791Z
duplicate payment,B,MULTIPLE / DUPLICATE CHARGES,true,,629,2026-09-14T15:16:36.791Z,2026-09-14T15:16:36.791Z
duplicate payments,B,MULTIPLE / DUPLICATE CHARGES,true,,630,2026-09-14T15:16:36.791Z,2026-09-14T15:16:36.791Z
duplicate transaction,B,MULTIPLE / DUPLICATE CHARGES,true,,631,2026-09-14T15:16:36.791Z,2026-09-14T15:16:36.791Z
duplicate transactions,B,MULTIPLE / DUPLICATE CHARGES,true,,632,2026-09-14T15:16:36.791Z,2026-09-14T15:16:36.791Z
keep charging me,B,MULTIPLE / DUPLICATE CHARGES,true,,633,2026-09-14T15:16:36.791Z,2026-09-14T15:16:36.791Z
keeps charging me,B,MULTIPLE / DUPLICATE CHARGES,true,,634,2026-09-14T15:16:36.791Z,2026-09-14T15:16:36.791Z
kept charging me,B,MULTIPLE / DUPLICATE CHARGES,true,,635,2026-09-14T15:16:36.791Z,2026-09-14T15:16:36.791Z
multiple charges,B,MULTIPLE / DUPLICATE CHARGES,true,,636,2026-09-14T15:16:36.791Z,2026-09-14T15:16:36.791Z
multiple payments,B,MULTIPLE / DUPLICATE CHARGES,true,,637,2026-09-14T15:16:36.791Z,2026-09-14T15:16:36.791Z
multiple transactions,B,MULTIPLE / DUPLICATE CHARGES,true,,638,2026-09-14T15:16:36.791Z,2026-09-14T15:16:36.791Z
another charge refunded,B,MULTIPLE / REPEATED REFUNDS,true,,639,2026-09-14T15:16:36.791Z,2026-09-14T15:16:36.791Z
another refund,B,MULTIPLE / REPEATED REFUNDS,true,,640,2026-09-14T15:16:36.791Z,2026-09-14T15:16:36.791Z
another transaction refunded,B,MULTIPLE / REPEATED REFUNDS,true,,641,2026-09-14T15:16:36.791Z,2026-09-14T15:16:36.791Z
incorrect refund,B,MULTIPLE / REPEATED REFUNDS,true,,642,2026-09-14T15:16:36.791Z,2026-09-14T15:16:36.791Z
missing refund,B,MULTIPLE / REPEATED REFUNDS,true,,643,2026-09-14T15:16:36.791Z,2026-09-14T15:16:36.791Z
multiple refunds,B,MULTIPLE / REPEATED REFUNDS,true,,644,2026-09-14T15:16:36.791Z,2026-09-14T15:16:36.791Z
promised a refund,B,MULTIPLE / REPEATED REFUNDS,true,,645,2026-09-14T15:16:36.791Z,2026-09-14T15:16:36.791Z
promised refund,B,MULTIPLE / REPEATED REFUNDS,true,,646,2026-09-14T15:16:36.791Z,2026-09-14T15:16:36.791Z
refund again,B,MULTIPLE / REPEATED REFUNDS,true,,647,2026-09-14T15:16:36.791Z,2026-09-14T15:16:36.791Z
refund all charges,B,MULTIPLE / REPEATED REFUNDS,true,,648,2026-09-14T15:16:36.791Z,2026-09-14T15:16:36.791Z
refund all payments,B,MULTIPLE / REPEATED REFUNDS,true,,649,2026-09-14T15:16:36.791Z,2026-09-14T15:16:36.791Z
refund all transactions,B,MULTIPLE / REPEATED REFUNDS,true,,650,2026-09-14T15:16:36.791Z,2026-09-14T15:16:36.791Z
refund denied,B,MULTIPLE / REPEATED REFUNDS,true,,651,2026-09-14T15:16:36.791Z,2026-09-14T15:16:36.791Z
refund every charge,B,MULTIPLE / REPEATED REFUNDS,true,,652,2026-09-14T15:16:36.791Z,2026-09-14T15:16:36.791Z
refund every payment,B,MULTIPLE / REPEATED REFUNDS,true,,653,2026-09-14T15:16:36.791Z,2026-09-14T15:16:36.791Z
refund every transaction,B,MULTIPLE / REPEATED REFUNDS,true,,654,2026-09-14T15:16:36.794Z,2026-09-14T15:16:36.794Z
refund everything,B,MULTIPLE / REPEATED REFUNDS,true,,655,2026-09-14T15:16:36.794Z,2026-09-14T15:16:36.794Z
refund not received,B,MULTIPLE / REPEATED REFUNDS,true,,656,2026-09-14T15:16:36.794Z,2026-09-14T15:16:36.794Z
refund refused,B,MULTIPLE / REPEATED REFUNDS,true,,657,2026-09-14T15:16:36.794Z,2026-09-14T15:16:36.794Z
refund rejected,B,MULTIPLE / REPEATED REFUNDS,true,,658,2026-09-14T15:16:36.794Z,2026-09-14T15:16:36.794Z
refund was denied,B,MULTIPLE / REPEATED REFUNDS,true,,659,2026-09-14T15:16:36.794Z,2026-09-14T15:16:36.794Z
refund was not received,B,MULTIPLE / REPEATED REFUNDS,true,,660,2026-09-14T15:16:36.794Z,2026-09-14T15:16:36.794Z
refund was refused,B,MULTIPLE / REPEATED REFUNDS,true,,661,2026-09-14T15:16:36.794Z,2026-09-14T15:16:36.794Z
refund was rejected,B,MULTIPLE / REPEATED REFUNDS,true,,662,2026-09-14T15:16:36.794Z,2026-09-14T15:16:36.794Z
refund wasn't received,B,MULTIPLE / REPEATED REFUNDS,true,,663,2026-09-14T15:16:36.794Z,2026-09-14T15:16:36.794Z
refunded again,B,MULTIPLE / REPEATED REFUNDS,true,,664,2026-09-14T15:16:36.794Z,2026-09-14T15:16:36.794Z
refunding again,B,MULTIPLE / REPEATED REFUNDS,true,,665,2026-09-14T15:16:36.794Z,2026-09-14T15:16:36.794Z
second refund,B,MULTIPLE / REPEATED REFUNDS,true,,666,2026-09-14T15:16:36.794Z,2026-09-14T15:16:36.794Z
several refunds,B,MULTIPLE / REPEATED REFUNDS,true,,667,2026-09-14T15:16:36.794Z,2026-09-14T15:16:36.794Z
third refund,B,MULTIPLE / REPEATED REFUNDS,true,,668,2026-09-14T15:16:36.794Z,2026-09-14T15:16:36.794Z
where is my refund,B,MULTIPLE / REPEATED REFUNDS,true,,669,2026-09-14T15:16:36.794Z,2026-09-14T15:16:36.794Z
wrong refund,B,MULTIPLE / REPEATED REFUNDS,true,,670,2026-09-14T15:16:36.794Z,2026-09-14T15:16:36.794Z
CCPA,B,PRIVACY / DATA PROTECTION,true,,671,2026-09-14T15:16:36.794Z,2026-09-14T15:16:36.794Z
CPRA,B,PRIVACY / DATA PROTECTION,true,,672,2026-09-14T15:16:36.794Z,2026-09-14T15:16:36.794Z
data breach,B,PRIVACY / DATA PROTECTION,true,,673,2026-09-14T15:16:36.794Z,2026-09-14T15:16:36.794Z
data breaches,B,PRIVACY / DATA PROTECTION,true,,674,2026-09-14T15:16:36.794Z,2026-09-14T15:16:36.794Z
data protection,B,PRIVACY / DATA PROTECTION,true,,675,2026-09-14T15:16:36.794Z,2026-09-14T15:16:36.794Z
data protection officer,B,PRIVACY / DATA PROTECTION,true,,676,2026-09-14T15:16:36.794Z,2026-09-14T15:16:36.794Z
delete my data,B,PRIVACY / DATA PROTECTION,true,,677,2026-09-14T15:16:36.794Z,2026-09-14T15:16:36.794Z
DPO,B,PRIVACY / DATA PROTECTION,true,,678,2026-09-14T15:16:36.794Z,2026-09-14T15:16:36.794Z
DSAR,B,PRIVACY / DATA PROTECTION,true,,679,2026-09-14T15:16:36.794Z,2026-09-14T15:16:36.794Z
erase my data,B,PRIVACY / DATA PROTECTION,true,,680,2026-09-14T15:16:36.794Z,2026-09-14T15:16:36.794Z
GDPR,B,PRIVACY / DATA PROTECTION,true,,681,2026-09-14T15:16:36.794Z,2026-09-14T15:16:36.794Z
leaked my data,B,PRIVACY / DATA PROTECTION,true,,682,2026-09-14T15:16:36.794Z,2026-09-14T15:16:36.794Z
leaking my data,B,PRIVACY / DATA PROTECTION,true,,683,2026-09-14T15:16:36.794Z,2026-09-14T15:16:36.794Z
misused my data,B,PRIVACY / DATA PROTECTION,true,,684,2026-09-14T15:16:36.794Z,2026-09-14T15:16:36.794Z
misusing my data,B,PRIVACY / DATA PROTECTION,true,,685,2026-09-14T15:16:36.794Z,2026-09-14T15:16:36.794Z
privacy breach,B,PRIVACY / DATA PROTECTION,true,,686,2026-09-14T15:16:36.794Z,2026-09-14T15:16:36.794Z
privacy breaches,B,PRIVACY / DATA PROTECTION,true,,687,2026-09-14T15:16:36.794Z,2026-09-14T15:16:36.794Z
privacy complaint,B,PRIVACY / DATA PROTECTION,true,,688,2026-09-14T15:16:36.794Z,2026-09-14T15:16:36.794Z
privacy complaints,B,PRIVACY / DATA PROTECTION,true,,689,2026-09-14T15:16:36.794Z,2026-09-14T15:16:36.794Z
privacy violation,B,PRIVACY / DATA PROTECTION,true,,690,2026-09-14T15:16:36.794Z,2026-09-14T15:16:36.794Z
privacy violations,B,PRIVACY / DATA PROTECTION,true,,691,2026-09-14T15:16:36.794Z,2026-09-14T15:16:36.794Z
remove my data,B,PRIVACY / DATA PROTECTION,true,,692,2026-09-14T15:16:36.794Z,2026-09-14T15:16:36.794Z
right to be forgotten,B,PRIVACY / DATA PROTECTION,true,,693,2026-09-14T15:16:36.794Z,2026-09-14T15:16:36.794Z
right to erasure,B,PRIVACY / DATA PROTECTION,true,,694,2026-09-14T15:16:36.794Z,2026-09-14T15:16:36.794Z
selling my data,B,PRIVACY / DATA PROTECTION,true,,695,2026-09-14T15:16:36.794Z,2026-09-14T15:16:36.794Z
shared my data,B,PRIVACY / DATA PROTECTION,true,,696,2026-09-14T15:16:36.794Z,2026-09-14T15:16:36.794Z
sharing my data,B,PRIVACY / DATA PROTECTION,true,,697,2026-09-14T15:16:36.794Z,2026-09-14T15:16:36.794Z
sold my data,B,PRIVACY / DATA PROTECTION,true,,698,2026-09-14T15:16:36.794Z,2026-09-14T15:16:36.794Z
subject access request,B,PRIVACY / DATA PROTECTION,true,,699,2026-09-14T15:16:36.794Z,2026-09-14T15:16:36.794Z
subject access requests,B,PRIVACY / DATA PROTECTION,true,,700,2026-09-14T15:16:36.794Z,2026-09-14T15:16:36.794Z
arsehole,B,PROFANITY / HOSTILITY,true,,701,2026-09-14T15:16:36.794Z,2026-09-14T15:16:36.794Z
arseholes,B,PROFANITY / HOSTILITY,true,,702,2026-09-14T15:16:36.794Z,2026-09-14T15:16:36.794Z
asshole,B,PROFANITY / HOSTILITY,true,,703,2026-09-14T15:16:36.794Z,2026-09-14T15:16:36.794Z
assholes,B,PROFANITY / HOSTILITY,true,,704,2026-09-14T15:16:36.794Z,2026-09-14T15:16:36.794Z
bastard,B,PROFANITY / HOSTILITY,true,,705,2026-09-14T15:16:36.794Z,2026-09-14T15:16:36.794Z
bastards,B,PROFANITY / HOSTILITY,true,,706,2026-09-14T15:16:36.794Z,2026-09-14T15:16:36.794Z
bitch,B,PROFANITY / HOSTILITY,true,,707,2026-09-14T15:16:36.794Z,2026-09-14T15:16:36.794Z
bitches,B,PROFANITY / HOSTILITY,true,,708,2026-09-14T15:16:36.794Z,2026-09-14T15:16:36.794Z
bullshit,B,PROFANITY / HOSTILITY,true,,709,2026-09-14T15:16:36.794Z,2026-09-14T15:16:36.794Z
cunt,B,PROFANITY / HOSTILITY,true,,710,2026-09-14T15:16:36.794Z,2026-09-14T15:16:36.794Z
cunts,B,PROFANITY / HOSTILITY,true,,711,2026-09-14T15:16:36.794Z,2026-09-14T15:16:36.794Z
dickhead,B,PROFANITY / HOSTILITY,true,,712,2026-09-14T15:16:36.794Z,2026-09-14T15:16:36.794Z
dickheads,B,PROFANITY / HOSTILITY,true,,713,2026-09-14T15:16:36.794Z,2026-09-14T15:16:36.794Z
fuck,B,PROFANITY / HOSTILITY,true,,714,2026-09-14T15:16:36.794Z,2026-09-14T15:16:36.794Z
fuck off,B,PROFANITY / HOSTILITY,true,,715,2026-09-14T15:16:36.794Z,2026-09-14T15:16:36.794Z
fuck you,B,PROFANITY / HOSTILITY,true,,716,2026-09-14T15:16:36.794Z,2026-09-14T15:16:36.794Z
fucked,B,PROFANITY / HOSTILITY,true,,717,2026-09-14T15:16:36.794Z,2026-09-14T15:16:36.794Z
fucker,B,PROFANITY / HOSTILITY,true,,718,2026-09-14T15:16:36.794Z,2026-09-14T15:16:36.794Z
fuckers,B,PROFANITY / HOSTILITY,true,,719,2026-09-14T15:16:36.794Z,2026-09-14T15:16:36.794Z
fucking,B,PROFANITY / HOSTILITY,true,,720,2026-09-14T15:16:36.794Z,2026-09-14T15:16:36.794Z
fucks,B,PROFANITY / HOSTILITY,true,,721,2026-09-14T15:16:36.794Z,2026-09-14T15:16:36.794Z
go fuck yourself,B,PROFANITY / HOSTILITY,true,,722,2026-09-14T15:16:36.794Z,2026-09-14T15:16:36.794Z
goddamn,B,PROFANITY / HOSTILITY,true,,723,2026-09-14T15:16:36.794Z,2026-09-14T15:16:36.794Z
idiot,B,PROFANITY / HOSTILITY,true,,724,2026-09-14T15:16:36.794Z,2026-09-14T15:16:36.794Z
idiots,B,PROFANITY / HOSTILITY,true,,725,2026-09-14T15:16:36.794Z,2026-09-14T15:16:36.794Z
imbecile,B,PROFANITY / HOSTILITY,true,,726,2026-09-14T15:16:36.794Z,2026-09-14T15:16:36.794Z
imbeciles,B,PROFANITY / HOSTILITY,true,,727,2026-09-14T15:16:36.794Z,2026-09-14T15:16:36.794Z
incompetence,B,PROFANITY / HOSTILITY,true,,728,2026-09-14T15:16:36.794Z,2026-09-14T15:16:36.794Z
incompetent,B,PROFANITY / HOSTILITY,true,,729,2026-09-14T15:16:36.794Z,2026-09-14T15:16:36.794Z
moron,B,PROFANITY / HOSTILITY,true,,730,2026-09-14T15:16:36.794Z,2026-09-14T15:16:36.794Z
morons,B,PROFANITY / HOSTILITY,true,,731,2026-09-14T15:16:36.794Z,2026-09-14T15:16:36.794Z
motherfucker,B,PROFANITY / HOSTILITY,true,,732,2026-09-14T15:16:36.794Z,2026-09-14T15:16:36.794Z
motherfuckers,B,PROFANITY / HOSTILITY,true,,733,2026-09-14T15:16:36.794Z,2026-09-14T15:16:36.794Z
motherfucking,B,PROFANITY / HOSTILITY,true,,734,2026-09-14T15:16:36.794Z,2026-09-14T15:16:36.794Z
pathetic,B,PROFANITY / HOSTILITY,true,,735,2026-09-14T15:16:36.794Z,2026-09-14T15:16:36.794Z
piece of shit,B,PROFANITY / HOSTILITY,true,,736,2026-09-14T15:16:36.794Z,2026-09-14T15:16:36.794Z
pieces of shit,B,PROFANITY / HOSTILITY,true,,737,2026-09-14T15:16:36.794Z,2026-09-14T15:16:36.794Z
piss,B,PROFANITY / HOSTILITY,true,,738,2026-09-14T15:16:36.794Z,2026-09-14T15:16:36.794Z
pissed,B,PROFANITY / HOSTILITY,true,,739,2026-09-14T15:16:36.794Z,2026-09-14T15:16:36.794Z
prick,B,PROFANITY / HOSTILITY,true,,740,2026-09-14T15:16:36.794Z,2026-09-14T15:16:36.794Z
pricks,B,PROFANITY / HOSTILITY,true,,741,2026-09-14T15:16:36.794Z,2026-09-14T15:16:36.794Z
retard,B,PROFANITY / HOSTILITY,true,,742,2026-09-14T15:16:36.794Z,2026-09-14T15:16:36.794Z
retarded,B,PROFANITY / HOSTILITY,true,,743,2026-09-14T15:16:36.794Z,2026-09-14T15:16:36.794Z
retards,B,PROFANITY / HOSTILITY,true,,744,2026-09-14T15:16:36.794Z,2026-09-14T15:16:36.794Z
scumbag,B,PROFANITY / HOSTILITY,true,,745,2026-09-14T15:16:36.794Z,2026-09-14T15:16:36.794Z
scumbags,B,PROFANITY / HOSTILITY,true,,746,2026-09-14T15:16:36.794Z,2026-09-14T15:16:36.794Z
shit,B,PROFANITY / HOSTILITY,true,,747,2026-09-14T15:16:36.794Z,2026-09-14T15:16:36.794Z
shitty,B,PROFANITY / HOSTILITY,true,,748,2026-09-14T15:16:36.794Z,2026-09-14T15:16:36.794Z
stfu,B,PROFANITY / HOSTILITY,true,,749,2026-09-14T15:16:36.794Z,2026-09-14T15:16:36.794Z
useless,B,PROFANITY / HOSTILITY,true,,750,2026-09-14T15:16:36.794Z,2026-09-14T15:16:36.794Z
wtf,B,PROFANITY / HOSTILITY,true,,751,2026-09-14T15:16:36.794Z,2026-09-14T15:16:36.794Z
again and again,B,REPEATED CONTACT / SUPPORT FAILURE,true,,752,2026-09-14T15:16:36.794Z,2026-09-14T15:16:36.794Z
already complained,B,REPEATED CONTACT / SUPPORT FAILURE,true,,753,2026-09-14T15:16:36.794Z,2026-09-14T15:16:36.794Z
another agent,B,REPEATED CONTACT / SUPPORT FAILURE,true,,754,2026-09-14T15:16:36.794Z,2026-09-14T15:16:36.794Z
complained before,B,REPEATED CONTACT / SUPPORT FAILURE,true,,755,2026-09-14T15:16:36.794Z,2026-09-14T15:16:36.794Z
contacted support before,B,REPEATED CONTACT / SUPPORT FAILURE,true,,756,2026-09-14T15:16:36.794Z,2026-09-14T15:16:36.794Z
contacted you before,B,REPEATED CONTACT / SUPPORT FAILURE,true,,757,2026-09-14T15:16:36.794Z,2026-09-14T15:16:36.794Z
contacted you multiple times,B,REPEATED CONTACT / SUPPORT FAILURE,true,,758,2026-09-14T15:16:36.794Z,2026-09-14T15:16:36.794Z
contacted you several times,B,REPEATED CONTACT / SUPPORT FAILURE,true,,759,2026-09-14T15:16:36.794Z,2026-09-14T15:16:36.794Z
emailed multiple times,B,REPEATED CONTACT / SUPPORT FAILURE,true,,760,2026-09-14T15:16:36.794Z,2026-09-14T15:16:36.794Z
emailed several times,B,REPEATED CONTACT / SUPPORT FAILURE,true,,761,2026-09-14T15:16:36.794Z,2026-09-14T15:16:36.794Z
emailed you before,B,REPEATED CONTACT / SUPPORT FAILURE,true,,762,2026-09-14T15:16:36.794Z,2026-09-14T15:16:36.794Z
ignored me,B,REPEATED CONTACT / SUPPORT FAILURE,true,,763,2026-09-14T15:16:36.794Z,2026-09-14T15:16:36.794Z
ignoring me,B,REPEATED CONTACT / SUPPORT FAILURE,true,,764,2026-09-14T15:16:36.794Z,2026-09-14T15:16:36.794Z
multiple emails,B,REPEATED CONTACT / SUPPORT FAILURE,true,,765,2026-09-14T15:16:36.794Z,2026-09-14T15:16:36.794Z
multiple messages,B,REPEATED CONTACT / SUPPORT FAILURE,true,,766,2026-09-14T15:16:36.794Z,2026-09-14T15:16:36.794Z
no one replied,B,REPEATED CONTACT / SUPPORT FAILURE,true,,767,2026-09-14T15:16:36.794Z,2026-09-14T15:16:36.794Z
no one responded,B,REPEATED CONTACT / SUPPORT FAILURE,true,,768,2026-09-14T15:16:36.794Z,2026-09-14T15:16:36.794Z
nobody replied,B,REPEATED CONTACT / SUPPORT FAILURE,true,,769,2026-09-14T15:16:36.794Z,2026-09-14T15:16:36.794Z
nobody responded,B,REPEATED CONTACT / SUPPORT FAILURE,true,,770,2026-09-14T15:16:36.794Z,2026-09-14T15:16:36.794Z
previous agent,B,REPEATED CONTACT / SUPPORT FAILURE,true,,771,2026-09-14T15:16:36.794Z,2026-09-14T15:16:36.794Z
previous agents,B,REPEATED CONTACT / SUPPORT FAILURE,true,,772,2026-09-14T15:16:36.794Z,2026-09-14T15:16:36.794Z
promised me,B,REPEATED CONTACT / SUPPORT FAILURE,true,,773,2026-09-14T15:16:36.794Z,2026-09-14T15:16:36.794Z
remains unresolved,B,REPEATED CONTACT / SUPPORT FAILURE,true,,774,2026-09-14T15:16:36.794Z,2026-09-14T15:16:36.794Z
same complaint,B,REPEATED CONTACT / SUPPORT FAILURE,true,,775,2026-09-14T15:16:36.794Z,2026-09-14T15:16:36.794Z
same issue,B,REPEATED CONTACT / SUPPORT FAILURE,true,,776,2026-09-14T15:16:36.794Z,2026-09-14T15:16:36.794Z
several emails,B,REPEATED CONTACT / SUPPORT FAILURE,true,,777,2026-09-14T15:16:36.794Z,2026-09-14T15:16:36.794Z
several messages,B,REPEATED CONTACT / SUPPORT FAILURE,true,,778,2026-09-14T15:16:36.794Z,2026-09-14T15:16:36.794Z
still unresolved,B,REPEATED CONTACT / SUPPORT FAILURE,true,,779,2026-09-14T15:16:36.794Z,2026-09-14T15:16:36.794Z
still waiting,B,REPEATED CONTACT / SUPPORT FAILURE,true,,780,2026-09-14T15:16:36.794Z,2026-09-14T15:16:36.794Z
support ignored me,B,REPEATED CONTACT / SUPPORT FAILURE,true,,781,2026-09-14T15:16:36.794Z,2026-09-14T15:16:36.794Z
you ignored me,B,REPEATED CONTACT / SUPPORT FAILURE,true,,782,2026-09-14T15:16:36.794Z,2026-09-14T15:16:36.794Z
