person_name,person_email,last_day,file_id,file_url,worksheet_name,created_at,state,sent_6h,sent_12h,sent_24h,sent_48h,excluded_owners,form_raw,anchor_at,id,createdAt,updatedAt
Valeria Georgieva,valeria.georgieva@efuturemedia.com,2026-08-31,01X7DFMQKTLUXC3IDFJRHJNQRWCY4FWFWJ,https://efuturemedia-my.sharepoint.com/personal/antonio_marusic_efuturemedia_com/_layouts/15/Doc.aspx?sourcedoc=%7B2D2E5D53-65A0-4E4C-96C2-3616385B16C9%7D&file=Valeria%20Georgieva%20-%20Offboarding.xlsx&action=default&mobileredirect=true,Base tool checklist,2026-08-31T10:26:09.100Z,closed,true,true,true,true,Anastasiia,"{""intake"":{""First name"":""Valeria"",""Last name"":""Georgieva"",""Work email"":""valeria.georgieva@efuturemedia.com"",""Last working day"":""2026-08-31"",""submittedAt"":""2026-08-31T10:25:41.430+00:00"",""formMode"":""production""},""owners"":{""Email - Antonio"":""antonio.marusic@efuturemedia.com"",""Ping - Antonio"":[""Needed for this offboarding""],""Email - DevOps"":""alex.suvorov@efuturemedia.com"",""Ping - DevOps"":[""Needed for this offboarding""],""Email - Raul"":""raul@efuturemedia.com"",""Ping - Raul"":[""Needed for this offboarding""],""Email - Anna C"":""anna.chypizhenko@efuturemedia.com"",""Ping - Anna C"":[""Needed for this offboarding""],""Email - Anastasiia"":""anastasiia.bortnyk@efuturemedia.com"",""Ping - Anastasiia"":[],""Email - Edyta"":""edyta.stocka@efuturemedia.com"",""Ping - Edyta"":[""Needed for this offboarding""],""submittedAt"":""2026-08-31T10:26:07.291+00:00"",""formMode"":""production""}}",,1,2026-08-31T10:26:13.409Z,2026-09-02T10:30:57.338Z
simona miteva,simona.miteva@efuturemedia.com,2026-08-31,01X7DFMQLCO76SDQ3UMJEZKGU4JWEUPLA7,https://efuturemedia-my.sharepoint.com/personal/antonio_marusic_efuturemedia_com/_layouts/15/Doc.aspx?sourcedoc=%7B21FD7762-74C3-4962-951A-9C4D8947AC1F%7D&file=simona%20miteva%20-%20Offboarding.xlsx&action=default&mobileredirect=true,Base tool checklist,2026-08-31T10:29:44.614Z,closed,true,true,true,true,Anastasiia,"{""intake"":{""First name"":""simona"",""Last name"":""miteva"",""Work email"":""simona.miteva@efuturemedia.com"",""Last working day"":""2026-08-31"",""submittedAt"":""2026-08-31T10:29:23.749+00:00"",""formMode"":""production""},""owners"":{""Email - Antonio"":""antonio.marusic@efuturemedia.com"",""Ping - Antonio"":[""Needed for this offboarding""],""Email - DevOps"":""alex.suvorov@efuturemedia.com"",""Ping - DevOps"":[""Needed for this offboarding""],""Email - Raul"":""raul@efuturemedia.com"",""Ping - Raul"":[""Needed for this offboarding""],""Email - Anna C"":""anna.chypizhenko@efuturemedia.com"",""Ping - Anna C"":[""Needed for this offboarding""],""Email - Anastasiia"":""anastasiia.bortnyk@efuturemedia.com"",""Ping - Anastasiia"":[],""Email - Edyta"":""edyta.stocka@efuturemedia.com"",""Ping - Edyta"":[""Needed for this offboarding""],""submittedAt"":""2026-08-31T10:29:42.780+00:00"",""formMode"":""production""}}",,2,2026-08-31T10:29:50.159Z,2026-09-02T10:30:57.274Z
jaroslaw karpiak,jaroslaw.karpiak@efuturemedia.com,2026-08-31,01X7DFMQLDT3F52PFQBVEZB6BK5C5AHLI6,https://efuturemedia-my.sharepoint.com/personal/antonio_marusic_efuturemedia_com/_layouts/15/Doc.aspx?sourcedoc=%7BDDCB9E63-B03C-490D-90F8-2AE8BA03AD1E%7D&file=jaroslaw%20karpiak%20-%20Offboarding.xlsx&action=default&mobileredirect=true,Base tool checklist,2026-08-31T10:36:51.856Z,closed,true,true,true,true,,"{""intake"":{""First name"":""jaroslaw"",""Last name"":""karpiak"",""Work email"":""jaroslaw.karpiak@efuturemedia.com"",""Last working day"":""2026-08-31"",""submittedAt"":""2026-08-31T10:34:41.824+00:00"",""formMode"":""production""},""owners"":{""Email - Antonio"":""antonio.marusic@efuturemedia.com"",""Ping - Antonio"":[""Needed for this offboarding""],""Email - DevOps"":""alex.suvorov@efuturemedia.com"",""Ping - DevOps"":[""Needed for this offboarding""],""Email - Raul"":""raul@efuturemedia.com"",""Ping - Raul"":[""Needed for this offboarding""],""Email - Anna C"":""anna.chypizhenko@efuturemedia.com"",""Ping - Anna C"":[""Needed for this offboarding""],""Email - Anastasiia"":""raul@efuturemedia.com"",""Ping - Anastasiia"":[""Needed for this offboarding""],""Email - Edyta"":""edyta.stocka@efuturemedia.com"",""Ping - Edyta"":[""Needed for this offboarding""],""submittedAt"":""2026-08-31T10:36:50.000+00:00"",""formMode"":""production""}}",,3,2026-08-31T10:36:54.058Z,2026-09-02T10:45:57.522Z
diana pirvulescu,diana.pirvulescu@efuturemedia.com,2026-08-31,01X7DFMQI47QFGCZBYMNEZMLNBR7KX6JEB,https://efuturemedia-my.sharepoint.com/personal/antonio_marusic_efuturemedia_com/_layouts/15/Doc.aspx?sourcedoc=%7B610AFC1C-3864-4963-962D-A18FD57F2481%7D&file=diana%20pirvulescu%20-%20Offboarding.xlsx&action=default&mobileredirect=true,Base tool checklist,2026-08-31T10:38:29.901Z,closed,true,true,true,true,Anastasiia,"{""intake"":{""First name"":""diana"",""Last name"":""pirvulescu"",""Work email"":""diana.pirvulescu@efuturemedia.com"",""Last working day"":""2026-08-31"",""submittedAt"":""2026-08-31T10:38:16.947+00:00"",""formMode"":""production""},""owners"":{""Email - Antonio"":""antonio.marusic@efuturemedia.com"",""Ping - Antonio"":[""Needed for this offboarding""],""Email - DevOps"":"""",""Ping - DevOps"":[""Needed for this offboarding""],""Email - Raul"":""raul@efuturemedia.com"",""Ping - Raul"":[""Needed for this offboarding""],""Email - Anna C"":""anna.chypizhenko@efuturemedia.com"",""Ping - Anna C"":[""Needed for this offboarding""],""Email - Anastasiia"":""anastasiia.bortnyk@efuturemedia.com"",""Ping - Anastasiia"":[],""Email - Edyta"":""edyta.stocka@efuturemedia.com"",""Ping - Edyta"":[""Needed for this offboarding""],""submittedAt"":""2026-08-31T10:38:29.824+00:00"",""formMode"":""production""}}",,4,2026-08-31T10:38:32.007Z,2026-09-02T10:45:57.446Z
nikola kolev,nikola.kolev@efuturemedia.com,2026-09-01 14:30 (Europe/Zagreb),01X7DFMQIYV6PT2HOFJJC3ZS2NO743GWLL,https://efuturemedia-my.sharepoint.com/:x:/p/antonio_marusic/IQAYr589HcVKRbzLTXf5s1lrAWlWxo93asfvDzj863odvMg,Base tool checklist,2026-09-01T12:22:44.128Z,closed,true,true,true,true,Anastasiia,"{""intake"":{""First name"":""nikola"",""Last name"":""kolev"",""Work email"":""nikola.kolev@efuturemedia.com"",""Offboarding can start"":""On a specific date and time"",""submittedAt"":""2026-09-01T12:22:07.270+00:00"",""formMode"":""production""},""owners"":{""Offboarding start date"":""2026-09-01"",""Offboarding start time (HH:MM, 24h)"":""14:30"",""Email - Antonio"":""antonio.marusic@efuturemedia.com"",""Ping - Antonio"":[""Needed for this offboarding""],""Email - Raul"":""raul@efuturemedia.com"",""Ping - Raul"":[""Needed for this offboarding""],""Email - DevOps"":""alex.suvorov@efuturemedia.com"",""Ping - DevOps"":[""Needed for this offboarding""],""Email - Anna C"":""anna.chypizhenko@efuturemedia.com"",""Ping - Anna C"":[""Needed for this offboarding""],""Email - Anastasiia"":""anastasiia.bortnyk@efuturemedia.com"",""Ping - Anastasiia"":[],""Email - Edyta"":""edyta.stocka@efuturemedia.com"",""Ping - Edyta"":[""Needed for this offboarding""],""submittedAt"":""2026-09-01T12:22:44.019+00:00"",""formMode"":""production""}}",2026-09-01T12:30:00.000Z,5,2026-09-01T12:23:37.525Z,2026-09-03T12:30:56.433Z
Everyone @miquido.com,anyone@miquido.com,End of working day on 2026-09-01,01X7DFMQMU5YTEL6WKUFBJ7PWVECCEQC7S,https://efuturemedia-my.sharepoint.com/:x:/p/antonio_marusic/IQCU7iZF-sqhQp--1SCESAvyAUAP7me3Me1G_31jF5blvh4,Base tool checklist,2026-09-01T13:59:20.057Z,open,true,true,true,true,"Anastasiia, Edyta","{""intake"":{""First name"":""Everyone"",""Last name"":""@miquido.com"",""Work email"":""anyone@miquido.com"",""Offboarding can start"":""At the end of the working day on a specific date"",""submittedAt"":""2026-09-01T13:32:46.092+00:00"",""formMode"":""production""},""owners"":{""Offboarding start date"":""2026-09-01"",""Email - Antonio"":""antonio.marusic@efuturemedia.com"",""Ping - Antonio"":[""Needed for this offboarding""],""Email - Raul"":""raul@efuturemedia.com"",""Ping - Raul"":[""Needed for this offboarding""],""Email - DevOps"":""alex.suvorov@efuturemedia.com"",""Ping - DevOps"":[""Needed for this offboarding""],""Email - Anna C"":""anna.chypizhenko@efuturemedia.com"",""Ping - Anna C"":[""Needed for this offboarding""],""Email - Anastasiia"":""anastasiia.bortnyk@efuturemedia.com"",""Ping - Anastasiia"":[],""Email - Edyta"":""edyta.stocka@efuturemedia.com"",""Ping - Edyta"":[],""submittedAt"":""2026-09-01T13:59:19.976+00:00"",""formMode"":""production""}}",2026-09-01T16:00:00.000Z,6,2026-09-01T13:59:35.143Z,2026-09-03T14:00:56.187Z
Alex Popek,alex.popek@efuturemedia.com,End of working day on 2026-09-04,01X7DFMQLFMSZ2OUR5SRHLA2NKCNDTZ6RJ,https://efuturemedia-my.sharepoint.com/:x:/p/antonio_marusic/IQBlZLOnUj2UTrBpqhNHPPopAZQPq59igAQSJ-QWR0YABAE,Base tool checklist,2026-09-04T09:22:45.743Z,open,true,true,true,true,,"{""intake"":{""First name"":""Alex"",""Last name"":""Popek"",""Work email"":""alex.popek@efuturemedia.com"",""Offboarding can start"":""At the end of the working day on a specific date"",""submittedAt"":""2026-09-04T09:22:18.999+00:00"",""formMode"":""production""},""owners"":{""Offboarding start date"":""2026-09-04"",""Email - Antonio"":""antonio.marusic@efuturemedia.com"",""Ping - Antonio"":[""Needed for this offboarding""],""Email - Raul"":""raul@efuturemedia.com"",""Ping - Raul"":[""Needed for this offboarding""],""Email - DevOps"":""alex.suvorov@efuturemedia.com"",""Ping - DevOps"":[""Needed for this offboarding""],""Email - Anna C"":""anna.chypizhenko@efuturemedia.com"",""Ping - Anna C"":[""Needed for this offboarding""],""Email - Anastasiia"":""anastasiia.bortnyk@efuturemedia.com"",""Ping - Anastasiia"":[""Needed for this offboarding""],""Email - Edyta"":""edyta.stocka@efuturemedia.com"",""Ping - Edyta"":[""Needed for this offboarding""],""submittedAt"":""2026-09-04T09:22:43.819+00:00"",""formMode"":""production""}}",2026-09-04T16:00:00.000Z,7,2026-09-04T09:22:54.113Z,2026-09-06T09:30:57.336Z
Anton Smirnou,anton.smirnou@efuturemedia.com,2026-09-11 15:30 (Europe/Zagreb),01X7DFMQMOBYS22QW2JJEICNEJ6HPTSOUV,https://efuturemedia-my.sharepoint.com/:x:/p/antonio_marusic/IQCODiWtQtpKSIE0ifHfOTqVAc6R48ApVMBkg6vj0gFrkQk,Base tool checklist,2026-09-11T13:11:26.337Z,open,true,true,true,true,"Anna C, Yurii, Anastasiia","{""intake"":{""First name"":""Anton"",""Last name"":""Smirnou"",""Work email"":""anton.smirnou@efuturemedia.com"",""Offboarding can start"":""On a specific date and time"",""submittedAt"":""2026-09-11T13:11:03.019+00:00"",""formMode"":""production""},""owners"":{""Offboarding start date"":""2026-09-11"",""Offboarding start time (HH:MM, 24h)"":""15:30"",""Email - Antonio"":""antonio.marusic@efuturemedia.com"",""Ping - Antonio"":[""Needed for this offboarding""],""Email - Raul"":""raul@efuturemedia.com"",""Ping - Raul"":[""Needed for this offboarding""],""Email - DevOps"":""dmytro.shumanov@efuturemedia.com"",""Ping - DevOps"":[""Needed for this offboarding""],""Email - Anna C"":""anna.chypizhenko@efuturemedia.com"",""Ping - Anna C"":[],""Email - Yurii"":"""",""Ping - Yurii"":[],""Email - Anastasiia"":""anastasiia.bortnyk@efuturemedia.com"",""Ping - Anastasiia"":[],""Email - Edyta"":""edyta.stocka@efuturemedia.com"",""Ping - Edyta"":[""Needed for this offboarding""],""Email - Margo"":""marharyta.borziak@efuturemedia.com"",""Ping - Margo"":[""Needed for this offboarding""],""submittedAt"":""2026-09-11T13:11:26.250+00:00"",""formMode"":""production""}}",2026-09-11T13:30:00.000Z,8,2026-09-11T13:11:33.136Z,2026-09-13T13:15:55.497Z
Szymon Grzemski,szymon.grzemski@efuturemedia.com,Immediately,01X7DFMQL3ACSEVAKMCFBZ4UVH5PZHNVOX,https://efuturemedia-my.sharepoint.com/:x:/p/antonio_marusic/IQB7AKRKgUwRQ55Sp-vydtXXAdQDkUwl6rrhGUhjzkf_mDs,Base tool checklist,2026-09-18T11:39:23.382Z,open,true,true,true,true,"Anastasiia, Margo","{""intake"":{""First name"":""Szymon"",""Last name"":""Grzemski"",""Work email"":""szymon.grzemski@efuturemedia.com"",""Offboarding can start"":""Immediately"",""submittedAt"":""2026-09-18T11:38:09.964+00:00"",""formMode"":""production""},""owners"":{""Email - Antonio"":""antonio.marusic@efuturemedia.com"",""Ping - Antonio"":[""Needed for this offboarding""],""Email - Raul"":""raul@efuturemedia.com"",""Ping - Raul"":[""Needed for this offboarding""],""Email - DevOps"":""dmytro.sheptun@efuturemedia.com"",""Ping - DevOps"":[""Needed for this offboarding""],""Email - Anna C"":""anna.chypizhenko@efuturemedia.com"",""Ping - Anna C"":[""Needed for this offboarding""],""Email - Yurii"":""yurii.diachyk@efuturemedia.com"",""Ping - Yurii"":[""Needed for this offboarding""],""Email - Anastasiia"":""anastasiia.bortnyk@efuturemedia.com"",""Ping - Anastasiia"":[],""Email - Edyta"":""edyta.stocka@efuturemedia.com"",""Ping - Edyta"":[""Needed for this offboarding""],""Email - Margo"":"""",""Ping - Margo"":[],""submittedAt"":""2026-09-18T11:39:21.546+00:00"",""formMode"":""production""}}",2026-09-18T11:39:23.382Z,9,2026-09-18T11:39:30.069Z,2026-09-20T11:45:56.756Z
Illia Skapchuk,illia.skapchuk@efuturemedia.com,2026-09-24 15:00 (Europe/Zagreb),01X7DFMQPGK73ZMYUBDBHIATOOKBGHVPPI,https://efuturemedia-my.sharepoint.com/:x:/p/antonio_marusic/IQDmV_eWYoEYToBNzlBMer3oAdiTIJChJWDyYahbr0M8j74,Base tool checklist,2026-09-24T10:23:26.302Z,closed,true,true,true,true,"Anastasiia, Margo","{""intake"":{""First name"":""Illia"",""Last name"":""Skapchuk"",""Work email"":""illia.skapchuk@efuturemedia.com"",""Offboarding can start"":""On a specific date and time"",""submittedAt"":""2026-09-24T10:18:39.345+00:00"",""formMode"":""production""},""owners"":{""Offboarding start date"":""2026-09-24"",""Offboarding start time (HH:MM, 24h)"":""15:00"",""Email - Antonio"":""antonio.marusic@efuturemedia.com"",""Ping - Antonio"":[""Needed for this offboarding""],""Email - Raul"":""raul@efuturemedia.com"",""Ping - Raul"":[""Needed for this offboarding""],""Email - DevOps"":""george.kyrillos@efuturemedia.com"",""Ping - DevOps"":[""Needed for this offboarding""],""Email - Anna C"":""anna.chypizhenko@efuturemedia.com"",""Ping - Anna C"":[""Needed for this offboarding""],""Email - Yurii"":""yurii.diachyk@efuturemedia.com"",""Ping - Yurii"":[""Needed for this offboarding""],""Email - Anastasiia"":""anastasiia.bortnyk@efuturemedia.com"",""Ping - Anastasiia"":[],""Email - Edyta"":""edyta.stocka@efuturemedia.com"",""Ping - Edyta"":[""Needed for this offboarding""],""Email - Margo"":"""",""Ping - Margo"":[],""submittedAt"":""2026-09-24T10:23:26.216+00:00"",""formMode"":""production""}}",2026-09-24T13:00:00.000Z,10,2026-09-24T10:23:36.766Z,2026-09-26T10:30:56.212Z
daniel augustyn,daniel.augustyn@gmail.com,Immediately,01X7DFMQPACDFRBOKWRFCJOHZC3KPJWVXS,https://efuturemedia-my.sharepoint.com/:x:/p/antonio_marusic/IQDgEMsQuVaJRJcfItqem1byAZmR5uKVpsvWk-aOAr61HDA,Base tool checklist,2026-09-25T12:56:07.651Z,open,true,true,true,true,"DevOps, Anastasiia, Margo","{""intake"":{""First name"":""daniel"",""Last name"":""augustyn"",""Work email"":""daniel.augustyn@gmail.com"",""Offboarding can start"":""Immediately"",""submittedAt"":""2026-09-25T12:55:26.491+00:00"",""formMode"":""production""},""owners"":{""Email - Antonio"":""antonio.marusic@efuturemedia.com"",""Ping - Antonio"":[""Needed for this offboarding""],""Email - Raul"":""raul@efuturemedia.com"",""Ping - Raul"":[""Needed for this offboarding""],""Email - DevOps"":"""",""Ping - DevOps"":[],""Email - Anna C"":""anna.chypizhenko@efuturemedia.com"",""Ping - Anna C"":[""Needed for this offboarding""],""Email - Yurii"":""yurii.diachyk@efuturemedia.com"",""Ping - Yurii"":[""Needed for this offboarding""],""Email - Anastasiia"":""anastasiia.bortnyk@efuturemedia.com"",""Ping - Anastasiia"":[],""Email - Edyta"":""edyta.stocka@efuturemedia.com"",""Ping - Edyta"":[""Needed for this offboarding""],""Email - Margo"":"""",""Ping - Margo"":[],""submittedAt"":""2026-09-25T12:56:05.696+00:00"",""formMode"":""production""}}",2026-09-25T12:56:07.651Z,11,2026-09-25T12:56:13.874Z,2026-09-27T13:00:55.019Z
Ruslan Plastun,ruslan.plastun@efuturemedia.com,2026-09-28 11:00 (Europe/Zagreb),01X7DFMQI6CYK4PYTHNRHZ6JSY22S6OFHQ,https://efuturemedia-my.sharepoint.com/:x:/p/antonio_marusic/IQAeFhXH4mdsT58mWNal5xTwAYoeLnSVEq_A22pEa_4L4aU,Base tool checklist,2026-09-28T08:48:52.098Z,closed,true,true,false,false,"Anastasiia, Margo","{""intake"":{""First name"":""Ruslan"",""Last name"":""Plastun"",""Work email"":""ruslan.plastun@efuturemedia.com"",""Offboarding can start"":""On a specific date and time"",""submittedAt"":""2026-09-28T08:47:45.617+00:00"",""formMode"":""production""},""owners"":{""Offboarding start date"":""2026-09-28"",""Offboarding start time (HH:MM, 24h)"":""11:00"",""Email - Antonio"":""antonio.marusic@efuturemedia.com"",""Ping - Antonio"":[""Needed for this offboarding""],""Email - Raul"":""raul@efuturemedia.com"",""Ping - Raul"":[""Needed for this offboarding""],""Email - DevOps"":""george.kyrillos@efuturemedia.com"",""Ping - DevOps"":[""Needed for this offboarding""],""Email - Anna C"":""anna.chypizhenko@efuturemedia.com"",""Ping - Anna C"":[""Needed for this offboarding""],""Email - Yurii"":""yurii.diachyk@efuturemedia.com"",""Ping - Yurii"":[""Needed for this offboarding""],""Email - Anastasiia"":""anastasiia.bortnyk@efuturemedia.com"",""Ping - Anastasiia"":[],""Email - Edyta"":""edyta.stocka@efuturemedia.com"",""Ping - Edyta"":[""Needed for this offboarding""],""Email - Margo"":"""",""Ping - Margo"":[],""submittedAt"":""2026-09-28T08:48:50.257+00:00"",""formMode"":""production""}}",2026-09-28T09:00:00.000Z,12,2026-09-28T08:49:01.369Z,2026-09-28T21:00:55.734Z
Kamil Nasr,kamil.nasr@efuturemedia.com,2026-09-28 16:00 (Europe/Zagreb),01X7DFMQJMJMHWMBJVZNGYW64XQ6KKDZMW,https://efuturemedia-my.sharepoint.com/:x:/p/antonio_marusic/IQAsSw9mBTXLTYt7l4eUoeWWAYx_s8PxnDB4GLxGTCeZBvU,Base tool checklist,2026-09-28T13:50:56.059Z,closed,true,true,true,true,Margo,"{""intake"":{""First name"":""Kamil"",""Last name"":""Nasr"",""Work email"":""kamil.nasr@efuturemedia.com"",""Offboarding can start"":""On a specific date and time"",""submittedAt"":""2026-09-28T13:50:16.678+00:00"",""formMode"":""production""},""owners"":{""Offboarding start date"":""2026-09-28"",""Offboarding start time (HH:MM, 24h)"":""16:00"",""Email - Antonio"":""antonio.marusic@efuturemedia.com"",""Ping - Antonio"":[""Needed for this offboarding""],""Email - Raul"":""raul@efuturemedia.com"",""Ping - Raul"":[""Needed for this offboarding""],""Email - DevOps"":""george.kyrillos@efuturemedia.com"",""Ping - DevOps"":[""Needed for this offboarding""],""Email - Anna C"":""anna.chypizhenko@efuturemedia.com"",""Ping - Anna C"":[""Needed for this offboarding""],""Email - Yurii"":""yurii.diachyk@efuturemedia.com"",""Ping - Yurii"":[""Needed for this offboarding""],""Email - Anastasiia"":""anastasiia.bortnyk@efuturemedia.com"",""Ping - Anastasiia"":[""Needed for this offboarding""],""Email - Edyta"":""edyta.stocka@efuturemedia.com"",""Ping - Edyta"":[""Needed for this offboarding""],""Email - Margo"":""marharyta.borziak@efuturemedia.com"",""Ping - Margo"":[],""submittedAt"":""2026-09-28T13:50:55.982+00:00"",""formMode"":""production""}}",2026-09-28T14:00:00.000Z,13,2026-09-28T13:51:03.710Z,2026-09-30T14:00:57.597Z
Yaroslav Khmelnitskiy,yaroslav.khmelnitskiy@efuturemedia.com,2026-09-28 16:00 (Europe/Zagreb),01X7DFMQLWHUJF6UPICBAYEVPWUAXQ3YYS,https://efuturemedia-my.sharepoint.com/:x:/p/antonio_marusic/IQB2PRJfUegQQYJV9qAvDeMSAbuuKXgdsXqxz520jYkyPUE,Base tool checklist,2026-09-28T13:52:12.107Z,closed,true,true,true,true,"Anastasiia, Margo","{""intake"":{""First name"":""Yaroslav"",""Last name"":""Khmelnitskiy"",""Work email"":""yaroslav.khmelnitskiy@efuturemedia.com"",""Offboarding can start"":""On a specific date and time"",""submittedAt"":""2026-09-28T13:51:34.649+00:00"",""formMode"":""production""},""owners"":{""Offboarding start date"":""2026-09-28"",""Offboarding start time (HH:MM, 24h)"":""16:00"",""Email - Antonio"":""antonio.marusic@efuturemedia.com"",""Ping - Antonio"":[""Needed for this offboarding""],""Email - Raul"":""raul@efuturemedia.com"",""Ping - Raul"":[""Needed for this offboarding""],""Email - DevOps"":""george.kyrillos@efuturemedia.com"",""Ping - DevOps"":[""Needed for this offboarding""],""Email - Anna C"":""anna.chypizhenko@efuturemedia.com"",""Ping - Anna C"":[""Needed for this offboarding""],""Email - Yurii"":""yurii.diachyk@efuturemedia.com"",""Ping - Yurii"":[""Needed for this offboarding""],""Email - Anastasiia"":""anastasiia.bortnyk@efuturemedia.com"",""Ping - Anastasiia"":[],""Email - Edyta"":""edyta.stocka@efuturemedia.com"",""Ping - Edyta"":[""Needed for this offboarding""],""Email - Margo"":""marharyta.borziak@efuturemedia.com"",""Ping - Margo"":[],""submittedAt"":""2026-09-28T13:52:12.027+00:00"",""formMode"":""production""}}",2026-09-28T14:00:00.000Z,14,2026-09-28T13:52:18.519Z,2026-09-30T14:00:57.512Z
imad attif,imad.attif@efuturemedia.com,Immediately,01X7DFMQPDQ7UW3B5XQFHJGTNQX6JPSVBJ,https://efuturemedia-my.sharepoint.com/:x:/p/antonio_marusic/IQDjh-lth7eBTpNNsL-S-VQpAZCn5xbBNOm_9jDEWVTh_Vs,Base tool checklist,2026-09-29T10:13:40.990Z,closed,true,true,true,true,"Anastasiia, Margo","{""intake"":{""First name"":""imad"",""Last name"":""attif"",""Work email"":""imad.attif@efuturemedia.com"",""Offboarding can start"":""Immediately"",""submittedAt"":""2026-09-29T10:12:48.190+00:00"",""formMode"":""production""},""owners"":{""Email - Antonio"":""antonio.marusic@efuturemedia.com"",""Ping - Antonio"":[""Needed for this offboarding""],""Email - Raul"":""raul@efuturemedia.com"",""Ping - Raul"":[""Needed for this offboarding""],""Email - DevOps"":""dmytro.shumanov@efuturemedia.com"",""Ping - DevOps"":[""Needed for this offboarding""],""Email - Anna C"":""anna.chypizhenko@efuturemedia.com"",""Ping - Anna C"":[""Needed for this offboarding""],""Email - Yurii"":""yurii.diachyk@efuturemedia.com"",""Ping - Yurii"":[""Needed for this offboarding""],""Email - Anastasiia"":""anastasiia.bortnyk@efuturemedia.com"",""Ping - Anastasiia"":[],""Email - Edyta"":""edyta.stocka@efuturemedia.com"",""Ping - Edyta"":[""Needed for this offboarding""],""Email - Margo"":""marharyta.borziak@efuturemedia.com"",""Ping - Margo"":[],""submittedAt"":""2026-09-29T10:13:40.893+00:00"",""formMode"":""production""}}",2026-09-29T10:13:40.990Z,15,2026-09-29T10:13:48.123Z,2026-10-01T10:15:55.675Z
Ignas Zarevicius,ignas@efuturemedia.com,2026-09-30 12:00 (Europe/Zagreb),01X7DFMQNTNIDVHKVT3NAYC5XDUVBAOUVU,https://efuturemedia-my.sharepoint.com/:x:/p/antonio_marusic/IQCzagdTqrPbQYF246VCB1K0AX_xHTJO4oljQHfNfrAVHxo,Base tool checklist,2026-09-30T09:52:58.973Z,open,true,true,true,false,,"{""intake"":{""First name"":""Ignas"",""Last name"":""Zarevicius"",""Work email"":""ignas@efuturemedia.com"",""Offboarding can start"":""On a specific date and time"",""submittedAt"":""2026-09-30T09:52:11.810+00:00"",""formMode"":""production""},""owners"":{""Offboarding start date"":""2026-09-30"",""Offboarding start time (HH:MM, 24h)"":""12:00"",""Email - Antonio"":""antonio.marusic@efuturemedia.com"",""Ping - Antonio"":[""Needed for this offboarding""],""Email - Raul"":""raul@efuturemedia.com"",""Ping - Raul"":[""Needed for this offboarding""],""Email - DevOps"":""dmytro.shumanov@efuturemedia.com"",""Ping - DevOps"":[""Needed for this offboarding""],""Email - Anna C"":""anna.chypizhenko@efuturemedia.com"",""Ping - Anna C"":[""Needed for this offboarding""],""Email - Yurii"":""yurii.diachyk@efuturemedia.com"",""Ping - Yurii"":[""Needed for this offboarding""],""Email - Anastasiia"":""anastasiia.bortnyk@efuturemedia.com"",""Ping - Anastasiia"":[""Needed for this offboarding""],""Email - Edyta"":""edyta.stocka@efuturemedia.com"",""Ping - Edyta"":[""Needed for this offboarding""],""Email - Margo"":""marharyta.borziak@efuturemedia.com"",""Ping - Margo"":[""Needed for this offboarding""],""submittedAt"":""2026-09-30T09:52:56.799+00:00"",""formMode"":""production""}}",2026-09-30T10:00:00.000Z,16,2026-09-30T09:53:06.674Z,2026-10-01T10:00:55.269Z
diamant isufi,diamant.isufi@efuturemedia.com,Immediately,01X7DFMQNTQTZFBOTG4RDLBCOFODDS2CIE,https://efuturemedia-my.sharepoint.com/:x:/p/antonio_marusic/IQCzhPJQumbkRrCJxXDHLQkEAW6wRrPV9DKaUq3VG6K4R5Y,Base tool checklist,2026-09-30T11:40:44.550Z,open,true,true,true,false,,"{""intake"":{""First name"":""diamant"",""Last name"":""isufi"",""Work email"":""diamant.isufi@efuturemedia.com"",""Offboarding can start"":""Immediately"",""submittedAt"":""2026-09-30T11:40:27.717+00:00"",""formMode"":""production""},""owners"":{""Email - Antonio"":""antonio.marusic@efuturemedia.com"",""Ping - Antonio"":[""Needed for this offboarding""],""Email - Raul"":""raul@efuturemedia.com"",""Ping - Raul"":[""Needed for this offboarding""],""Email - DevOps"":""dmytro.shumanov@efuturemedia.com"",""Ping - DevOps"":[""Needed for this offboarding""],""Email - Anna C"":""anna.chypizhenko@efuturemedia.com"",""Ping - Anna C"":[""Needed for this offboarding""],""Email - Anastasiia"":""anastasiia.bortnyk@efuturemedia.com"",""Ping - Anastasiia"":[""Needed for this offboarding""],""Email - Yurii"":""yurii.diachyk@efuturemedia.com"",""Ping - Yurii"":[""Needed for this offboarding""],""Email - Edyta"":""edyta.stocka@efuturemedia.com"",""Ping - Edyta"":[""Needed for this offboarding""],""Email - Margo"":""marharyta.borziak@efuturemedia.com"",""Ping - Margo"":[""Needed for this offboarding""],""submittedAt"":""2026-09-30T11:40:44.453+00:00"",""formMode"":""production""}}",2026-09-30T11:40:44.550Z,17,2026-09-30T11:40:53.673Z,2026-10-01T11:45:59.004Z
dmytro dudariev,dmytro.dudariev@efuturemedia.com,Immediately,01X7DFMQI2GMBFUAHEOVFIBUIFVMUFN2SP,https://efuturemedia-my.sharepoint.com/:x:/p/antonio_marusic/IQAaMwJaAOR1SoDRBasoVupPAcp947DxpsOoEli_uSfZQUM,Base tool checklist,2026-09-30T11:42:16.435Z,open,true,true,true,false,,"{""intake"":{""First name"":""dmytro"",""Last name"":""dudariev"",""Work email"":""dmytro.dudariev@efuturemedia.com"",""Offboarding can start"":""Immediately"",""submittedAt"":""2026-09-30T11:42:05.210+00:00"",""formMode"":""production""},""owners"":{""Email - Antonio"":""antonio.marusic@efuturemedia.com"",""Ping - Antonio"":[""Needed for this offboarding""],""Email - Raul"":""raul@efuturemedia.com"",""Ping - Raul"":[""Needed for this offboarding""],""Email - DevOps"":""dmytro.shumanov@efuturemedia.com"",""Ping - DevOps"":[""Needed for this offboarding""],""Email - Anna C"":""anna.chypizhenko@efuturemedia.com"",""Ping - Anna C"":[""Needed for this offboarding""],""Email - Anastasiia"":""anastasiia.bortnyk@efuturemedia.com"",""Ping - Anastasiia"":[""Needed for this offboarding""],""Email - Yurii"":""yurii.diachyk@efuturemedia.com"",""Ping - Yurii"":[""Needed for this offboarding""],""Email - Edyta"":""edyta.stocka@efuturemedia.com"",""Ping - Edyta"":[""Needed for this offboarding""],""Email - Margo"":""marharyta.borziak@efuturemedia.com"",""Ping - Margo"":[""Needed for this offboarding""],""submittedAt"":""2026-09-30T11:42:16.278+00:00"",""formMode"":""production""}}",2026-09-30T11:42:16.435Z,18,2026-09-30T11:42:33.980Z,2026-10-01T11:45:58.902Z
marek rozmus,marek.rozmus@efuturemedia.com,2026-09-30 16:00 (Europe/Zagreb),01X7DFMQIQI4NFI3DWJJH2YOVT2ERZAUUN,https://efuturemedia-my.sharepoint.com/:x:/p/antonio_marusic/IQAQRxpUbHZKT6w6s9EjkFKNAaJU5Ggp7sGU8FxLafqoiKM,Base tool checklist,2026-09-30T11:49:40.768Z,open,true,true,true,false,,"{""intake"":{""First name"":""marek"",""Last name"":""rozmus"",""Work email"":""marek.rozmus@efuturemedia.com"",""Offboarding can start"":""On a specific date and time"",""submittedAt"":""2026-09-30T11:49:20.585+00:00"",""formMode"":""production""},""owners"":{""Offboarding start date"":""2026-09-30"",""Offboarding start time (HH:MM, 24h)"":""16:00"",""Email - Antonio"":""antonio.marusic@efuturemedia.com"",""Ping - Antonio"":[""Needed for this offboarding""],""Email - Raul"":""raul@efuturemedia.com"",""Ping - Raul"":[""Needed for this offboarding""],""Email - DevOps"":""dmytro.shumanov@efuturemedia.com"",""Ping - DevOps"":[""Needed for this offboarding""],""Email - Anna C"":""anna.chypizhenko@efuturemedia.com"",""Ping - Anna C"":[""Needed for this offboarding""],""Email - Anastasiia"":""anastasiia.bortnyk@efuturemedia.com"",""Ping - Anastasiia"":[""Needed for this offboarding""],""Email - Yurii"":""yurii.diachyk@efuturemedia.com"",""Ping - Yurii"":[""Needed for this offboarding""],""Email - Edyta"":""edyta.stocka@efuturemedia.com"",""Ping - Edyta"":[""Needed for this offboarding""],""Email - Margo"":""marharyta.borziak@efuturemedia.com"",""Ping - Margo"":[""Needed for this offboarding""],""submittedAt"":""2026-09-30T11:49:38.909+00:00"",""formMode"":""production""}}",2026-09-30T14:00:00.000Z,19,2026-09-30T11:50:01.117Z,2026-10-01T12:00:55.417Z
siarhei trus,siarhei.trus@efuturemedia.com,Immediately,01X7DFMQKJHQ42F6WVLRCLWMKW5WXHEXJ3,https://efuturemedia-my.sharepoint.com/:x:/p/antonio_marusic/IQBJPDmi-tVcRLsxVu2ucl07AT-eEibjBE-VT5-0DrwU5JI,Base tool checklist,2026-09-30T13:51:10.820Z,open,true,true,true,false,,"{""intake"":{""First name"":""siarhei"",""Last name"":""trus"",""Work email"":""siarhei.trus@efuturemedia.com"",""Offboarding can start"":""Immediately"",""submittedAt"":""2026-09-30T13:50:42.831+00:00"",""formMode"":""production""},""owners"":{""Email - Antonio"":""antonio.marusic@efuturemedia.com"",""Ping - Antonio"":[""Needed for this offboarding""],""Email - Raul"":""raul@efuturemedia.com"",""Ping - Raul"":[""Needed for this offboarding""],""Email - DevOps"":""dmytro.shumanov@efuturemedia.com"",""Ping - DevOps"":[""Needed for this offboarding""],""Email - Anna C"":""anna.chypizhenko@efuturemedia.com"",""Ping - Anna C"":[""Needed for this offboarding""],""Email - Anastasiia"":""anastasiia.bortnyk@efuturemedia.com"",""Ping - Anastasiia"":[""Needed for this offboarding""],""Email - Yurii"":""yurii.diachyk@efuturemedia.com"",""Ping - Yurii"":[""Needed for this offboarding""],""Email - Edyta"":""edyta.stocka@efuturemedia.com"",""Ping - Edyta"":[""Needed for this offboarding""],""Email - Margo"":""marharyta.borziak@efuturemedia.com"",""Ping - Margo"":[""Needed for this offboarding""],""submittedAt"":""2026-09-30T13:51:10.726+00:00"",""formMode"":""production""}}",2026-09-30T13:51:10.820Z,20,2026-09-30T13:51:20.135Z,2026-10-01T14:00:57.135Z
